날짜,자치구,동,업종,업종코드,평균매출액,평균배달건수
2023년 12월,강서구,방화2동,한식>곱창전골/구이,I20109,"4,266,117원",167건
2023년 12월,강서구,방화1동,한식>곱창전골/구이,I20109,"5,419,008원",207건
2023년 12월,강서구,공항동,한식>곱창전골/구이,I20109,"5,419,008원",207건
2023년 12월,강서구,가양1동,한식>곱창전골/구이,I20109,"4,528,101원",160건
2023년 12월,강서구,가양2동,한식>곱창전골/구이,I20109,"1,041,500원",49건
2023년 12월,강서구,등촌3동,한식>곱창전골/구이,I20109,"4,979,645원",131건
2023년 12월,강서구,가양3동,한식>곱창전골/구이,I20109,"1,041,500원",49건
2023년 12월,강서구,발산1동,한식>곱창전골/구이,I20109,"7,237,545원",288건
2023년 12월,강서구,우장산동,한식>곱창전골/구이,I20109,"7,715,017원",300건
2023년 12월,강서구,화곡6동,한식>곱창전골/구이,I20109,"8,518,102원",326건
2023년 12월,강서구,등촌1동,한식>곱창전골/구이,I20109,"4,979,645원",131건
2023년 12월,강서구,염창동,한식>곱창전골/구이,I20109,"906,000원",34건
2023년 12월,강서구,등촌2동,한식>곱창전골/구이,I20109,"4,979,645원",131건
2023년 12월,강서구,화곡3동,한식>곱창전골/구이,I20109,"8,518,102원",326건
2023년 12월,강서구,화곡본동,한식>곱창전골/구이,I20109,"8,518,102원",326건
2023년 12월,강서구,화곡1동,한식>곱창전골/구이,I20109,"8,518,102원",326건
2023년 12월,강서구,화곡4동,한식>곱창전골/구이,I20109,"8,518,102원",326건
2023년 12월,강서구,화곡8동,한식>곱창전골/구이,I20109,"8,518,102원",326건
2023년 12월,강서구,화곡2동,한식>곱창전골/구이,I20109,"8,518,102원",326건
2023년 11월,강서구,방화2동,한식>곱창전골/구이,I20109,"3,910,879원",159건
2023년 11월,강서구,방화1동,한식>곱창전골/구이,I20109,"4,965,804원",195건
2023년 11월,강서구,가양1동,한식>곱창전골/구이,I20109,"4,950,617원",185건
2023년 11월,강서구,공항동,한식>곱창전골/구이,I20109,"4,965,804원",195건
2023년 11월,강서구,가양2동,한식>곱창전골/구이,I20109,"1,410,400원",65건
2023년 11월,강서구,등촌3동,한식>곱창전골/구이,I20109,"6,284,867원",201건
2023년 11월,강서구,가양3동,한식>곱창전골/구이,I20109,"1,410,400원",65건
2023년 11월,강서구,발산1동,한식>곱창전골/구이,I20109,"5,747,476원",235건
2023년 11월,강서구,우장산동,한식>곱창전골/구이,I20109,"6,030,783원",241건
2023년 11월,강서구,화곡6동,한식>곱창전골/구이,I20109,"7,723,198원",301건
2023년 11월,강서구,등촌1동,한식>곱창전골/구이,I20109,"6,284,867원",201건
2023년 11월,강서구,염창동,한식>곱창전골/구이,I20109,"963,283원",38건
2023년 11월,강서구,등촌2동,한식>곱창전골/구이,I20109,"6,284,867원",201건
2023년 11월,강서구,화곡3동,한식>곱창전골/구이,I20109,"7,723,198원",301건
2023년 11월,강서구,화곡본동,한식>곱창전골/구이,I20109,"7,723,198원",301건
2023년 11월,강서구,화곡1동,한식>곱창전골/구이,I20109,"7,723,198원",301건
2023년 11월,강서구,화곡4동,한식>곱창전골/구이,I20109,"7,723,198원",301건
2023년 11월,강서구,화곡8동,한식>곱창전골/구이,I20109,"7,723,198원",301건
2023년 11월,강서구,화곡2동,한식>곱창전골/구이,I20109,"7,723,198원",301건
2023년 10월,강서구,방화2동,한식>곱창전골/구이,I20109,"3,822,824원",155건
2023년 10월,강서구,방화1동,한식>곱창전골/구이,I20109,"5,501,628원",212건
2023년 10월,강서구,가양1동,한식>곱창전골/구이,I20109,"4,437,628원",168건
2023년 10월,강서구,공항동,한식>곱창전골/구이,I20109,"5,501,628원",212건
2023년 10월,강서구,가양2동,한식>곱창전골/구이,I20109,"1,940,100원",78건
2023년 10월,강서구,등촌3동,한식>곱창전골/구이,I20109,"5,174,223원",169건
2023년 10월,강서구,가양3동,한식>곱창전골/구이,I20109,"1,940,100원",78건
2023년 10월,강서구,발산1동,한식>곱창전골/구이,I20109,"4,993,454원",207건
2023년 10월,강서구,우장산동,한식>곱창전골/구이,I20109,"5,749,235원",229건
2023년 10월,강서구,화곡6동,한식>곱창전골/구이,I20109,"7,710,124원",301건
2023년 10월,강서구,등촌1동,한식>곱창전골/구이,I20109,"5,174,223원",169건
2023년 10월,강서구,염창동,한식>곱창전골/구이,I20109,"1,277,883원",47건
2023년 10월,강서구,등촌2동,한식>곱창전골/구이,I20109,"5,174,223원",169건
2023년 10월,강서구,화곡3동,한식>곱창전골/구이,I20109,"7,710,124원",301건
2023년 10월,강서구,화곡본동,한식>곱창전골/구이,I20109,"7,710,124원",301건
2023년 10월,강서구,화곡1동,한식>곱창전골/구이,I20109,"7,710,124원",301건
2023년 10월,강서구,화곡4동,한식>곱창전골/구이,I20109,"7,710,124원",301건
2023년 10월,강서구,화곡8동,한식>곱창전골/구이,I20109,"7,710,124원",301건
2023년 10월,강서구,화곡2동,한식>곱창전골/구이,I20109,"7,710,124원",301건
2023년 09월,강서구,방화2동,한식>곱창전골/구이,I20109,"3,763,960원",148건
2023년 09월,강서구,방화1동,한식>곱창전골/구이,I20109,"5,645,765원",215건
2023년 09월,강서구,가양1동,한식>곱창전골/구이,I20109,"4,439,688원",167건
2023년 09월,강서구,공항동,한식>곱창전골/구이,I20109,"5,645,765원",215건
2023년 09월,강서구,가양2동,한식>곱창전골/구이,I20109,"1,449,500원",64건
2023년 09월,강서구,등촌3동,한식>곱창전골/구이,I20109,"5,635,228원",178건
2023년 09월,강서구,가양3동,한식>곱창전골/구이,I20109,"1,449,500원",64건
2023년 09월,강서구,발산1동,한식>곱창전골/구이,I20109,"5,261,888원",214건
2023년 09월,강서구,우장산동,한식>곱창전골/구이,I20109,"6,076,143원",241건
2023년 09월,강서구,화곡6동,한식>곱창전골/구이,I20109,"7,862,845원",312건
2023년 09월,강서구,등촌1동,한식>곱창전골/구이,I20109,"5,635,228원",178건
2023년 09월,강서구,염창동,한식>곱창전골/구이,I20109,"1,132,750원",41건
2023년 09월,강서구,등촌2동,한식>곱창전골/구이,I20109,"5,635,228원",178건
2023년 09월,강서구,화곡3동,한식>곱창전골/구이,I20109,"7,862,845원",312건
2023년 09월,강서구,화곡본동,한식>곱창전골/구이,I20109,"7,862,845원",312건
2023년 09월,강서구,화곡1동,한식>곱창전골/구이,I20109,"7,862,845원",312건
2023년 09월,강서구,화곡4동,한식>곱창전골/구이,I20109,"7,862,845원",312건
2023년 09월,강서구,화곡8동,한식>곱창전골/구이,I20109,"7,862,845원",312건
2023년 09월,강서구,화곡2동,한식>곱창전골/구이,I20109,"7,862,845원",312건
2023년 08월,강서구,방화2동,한식>곱창전골/구이,I20109,"4,074,510원",158건
2023년 08월,강서구,방화1동,한식>곱창전골/구이,I20109,"6,035,767원",229건
2023년 08월,강서구,가양1동,한식>곱창전골/구이,I20109,"4,684,378원",171건
2023년 08월,강서구,공항동,한식>곱창전골/구이,I20109,"6,035,767원",229건
2023년 08월,강서구,가양2동,한식>곱창전골/구이,I20109,"1,866,400원",73건
2023년 08월,강서구,등촌3동,한식>곱창전골/구이,I20109,"5,580,043원",172건
2023년 08월,강서구,가양3동,한식>곱창전골/구이,I20109,"1,866,400원",73건
2023년 08월,강서구,발산1동,한식>곱창전골/구이,I20109,"5,404,825원",218건
2023년 08월,강서구,우장산동,한식>곱창전골/구이,I20109,"6,244,992원",246건
2023년 08월,강서구,화곡6동,한식>곱창전골/구이,I20109,"8,287,025원",326건
2023년 08월,강서구,등촌1동,한식>곱창전골/구이,I20109,"5,580,043원",172건
2023년 08월,강서구,염창동,한식>곱창전골/구이,I20109,"1,418,200원",45건
2023년 08월,강서구,등촌2동,한식>곱창전골/구이,I20109,"5,580,043원",172건
2023년 08월,강서구,화곡3동,한식>곱창전골/구이,I20109,"8,287,025원",326건
2023년 08월,강서구,화곡본동,한식>곱창전골/구이,I20109,"8,287,025원",326건
2023년 08월,강서구,화곡1동,한식>곱창전골/구이,I20109,"8,287,025원",326건
2023년 08월,강서구,화곡4동,한식>곱창전골/구이,I20109,"8,287,025원",326건
2023년 08월,강서구,화곡8동,한식>곱창전골/구이,I20109,"8,287,025원",326건
2023년 08월,강서구,화곡2동,한식>곱창전골/구이,I20109,"8,287,025원",326건
2023년 07월,강서구,방화2동,한식>곱창전골/구이,I20109,"4,109,957원",161건
2023년 07월,강서구,방화1동,한식>곱창전골/구이,I20109,"5,831,012원",220건
2023년 07월,강서구,가양1동,한식>곱창전골/구이,I20109,"4,378,766원",158건
2023년 07월,강서구,공항동,한식>곱창전골/구이,I20109,"5,831,012원",220건
2023년 07월,강서구,가양2동,한식>곱창전골/구이,I20109,"1,707,500원",67건
2023년 07월,강서구,등촌3동,한식>곱창전골/구이,I20109,"5,346,922원",164건
2023년 07월,강서구,가양3동,한식>곱창전골/구이,I20109,"1,707,500원",67건
2023년 07월,강서구,발산1동,한식>곱창전골/구이,I20109,"5,384,180원",214건
2023년 07월,강서구,우장산동,한식>곱창전골/구이,I20109,"6,497,243원",255건
2023년 07월,강서구,화곡6동,한식>곱창전골/구이,I20109,"8,308,002원",324건
2023년 07월,강서구,등촌1동,한식>곱창전골/구이,I20109,"5,346,922원",164건
2023년 07월,강서구,염창동,한식>곱창전골/구이,I20109,"1,271,750원",43건
2023년 07월,강서구,등촌2동,한식>곱창전골/구이,I20109,"5,346,922원",164건
2023년 07월,강서구,화곡3동,한식>곱창전골/구이,I20109,"8,308,002원",324건
2023년 07월,강서구,화곡본동,한식>곱창전골/구이,I20109,"8,308,002원",324건
2023년 07월,강서구,화곡1동,한식>곱창전골/구이,I20109,"8,308,002원",324건
2023년 07월,강서구,화곡4동,한식>곱창전골/구이,I20109,"8,308,002원",324건
2023년 07월,강서구,화곡8동,한식>곱창전골/구이,I20109,"8,308,002원",324건
2023년 07월,강서구,화곡2동,한식>곱창전골/구이,I20109,"8,308,002원",324건
2023년 06월,강서구,방화2동,한식>곱창전골/구이,I20109,"4,236,089원",167건
2023년 06월,강서구,방화1동,한식>곱창전골/구이,I20109,"5,022,948원",192건
2023년 06월,강서구,가양1동,한식>곱창전골/구이,I20109,"3,883,814원",146건
2023년 06월,강서구,공항동,한식>곱창전골/구이,I20109,"5,022,948원",192건
2023년 06월,강서구,가양2동,한식>곱창전골/구이,I20109,"1,007,000원",48건
2023년 06월,강서구,등촌3동,한식>곱창전골/구이,I20109,"4,947,285원",158건
2023년 06월,강서구,가양3동,한식>곱창전골/구이,I20109,"1,007,000원",48건
2023년 06월,강서구,발산1동,한식>곱창전골/구이,I20109,"4,762,848원",198건
2023년 06월,강서구,우장산동,한식>곱창전골/구이,I20109,"5,420,486원",220건
2023년 06월,강서구,화곡6동,한식>곱창전골/구이,I20109,"7,012,434원",278건
2023년 06월,강서구,등촌1동,한식>곱창전골/구이,I20109,"4,947,285원",158건
2023년 06월,강서구,염창동,한식>곱창전골/구이,I20109,"766,750원",31건
2023년 06월,강서구,등촌2동,한식>곱창전골/구이,I20109,"4,947,285원",158건
2023년 06월,강서구,화곡3동,한식>곱창전골/구이,I20109,"7,012,434원",278건
2023년 06월,강서구,화곡본동,한식>곱창전골/구이,I20109,"7,012,434원",278건
2023년 06월,강서구,화곡1동,한식>곱창전골/구이,I20109,"7,012,434원",278건
2023년 06월,강서구,화곡4동,한식>곱창전골/구이,I20109,"7,012,434원",278건
2023년 06월,강서구,화곡8동,한식>곱창전골/구이,I20109,"7,012,434원",278건
2023년 06월,강서구,화곡2동,한식>곱창전골/구이,I20109,"7,012,434원",278건
2023년 05월,강서구,방화2동,한식>곱창전골/구이,I20109,"3,864,070원",153건
2023년 05월,강서구,방화1동,한식>곱창전골/구이,I20109,"5,070,851원",194건
2023년 05월,강서구,가양1동,한식>곱창전골/구이,I20109,"4,423,197원",166건
2023년 05월,강서구,공항동,한식>곱창전골/구이,I20109,"5,070,851원",194건
2023년 05월,강서구,가양2동,한식>곱창전골/구이,I20109,"1,493,000원",63건
2023년 05월,강서구,등촌3동,한식>곱창전골/구이,I20109,"5,256,707원",173건
2023년 05월,강서구,가양3동,한식>곱창전골/구이,I20109,"1,493,000원",63건
2023년 05월,강서구,발산1동,한식>곱창전골/구이,I20109,"5,443,876원",225건
2023년 05월,강서구,우장산동,한식>곱창전골/구이,I20109,"5,972,020원",245건
2023년 05월,강서구,화곡6동,한식>곱창전골/구이,I20109,"7,576,173원",302건
2023년 05월,강서구,등촌1동,한식>곱창전골/구이,I20109,"5,256,707원",173건
2023년 05월,강서구,염창동,한식>곱창전골/구이,I20109,"1,253,833원",42건
2023년 05월,강서구,등촌2동,한식>곱창전골/구이,I20109,"5,256,707원",173건
2023년 05월,강서구,화곡3동,한식>곱창전골/구이,I20109,"7,576,173원",302건
2023년 05월,강서구,화곡본동,한식>곱창전골/구이,I20109,"7,576,173원",302건
2023년 05월,강서구,화곡1동,한식>곱창전골/구이,I20109,"7,576,173원",302건
2023년 05월,강서구,화곡8동,한식>곱창전골/구이,I20109,"7,576,173원",302건
2023년 05월,강서구,화곡2동,한식>곱창전골/구이,I20109,"7,576,173원",302건
2023년 05월,강서구,화곡4동,한식>곱창전골/구이,I20109,"7,576,173원",302건
2023년 04월,강서구,방화2동,한식>곱창전골/구이,I20109,"4,258,255원",168건
2023년 04월,강서구,방화1동,한식>곱창전골/구이,I20109,"4,956,040원",193건
2023년 04월,강서구,가양1동,한식>곱창전골/구이,I20109,"4,587,172원",173건
2023년 04월,강서구,공항동,한식>곱창전골/구이,I20109,"4,956,040원",193건
2023년 04월,강서구,가양2동,한식>곱창전골/구이,I20109,"1,792,500원",80건
2023년 04월,강서구,등촌3동,한식>곱창전골/구이,I20109,"5,197,850원",165건
2023년 04월,강서구,가양3동,한식>곱창전골/구이,I20109,"1,792,500원",80건
2023년 04월,강서구,발산1동,한식>곱창전골/구이,I20109,"5,454,356원",223건
2023년 04월,강서구,우장산동,한식>곱창전골/구이,I20109,"5,808,689원",236건
2023년 04월,강서구,화곡6동,한식>곱창전골/구이,I20109,"7,479,832원",298건
2023년 04월,강서구,등촌1동,한식>곱창전골/구이,I20109,"5,197,850원",165건
2023년 04월,강서구,염창동,한식>곱창전골/구이,I20109,"1,615,750원",54건
2023년 04월,강서구,등촌2동,한식>곱창전골/구이,I20109,"5,197,850원",165건
2023년 04월,강서구,화곡3동,한식>곱창전골/구이,I20109,"7,479,832원",298건
2023년 04월,강서구,화곡본동,한식>곱창전골/구이,I20109,"7,479,832원",298건
2023년 04월,강서구,화곡1동,한식>곱창전골/구이,I20109,"7,479,832원",298건
2023년 04월,강서구,화곡4동,한식>곱창전골/구이,I20109,"7,479,832원",298건
2023년 04월,강서구,화곡8동,한식>곱창전골/구이,I20109,"7,479,832원",298건
2023년 04월,강서구,화곡2동,한식>곱창전골/구이,I20109,"7,479,832원",298건
2023년 03월,강서구,방화2동,한식>곱창전골/구이,I20109,"4,390,471원",173건
2023년 03월,강서구,방화1동,한식>곱창전골/구이,I20109,"5,191,351원",200건
2023년 03월,강서구,가양1동,한식>곱창전골/구이,I20109,"4,495,852원",168건
2023년 03월,강서구,공항동,한식>곱창전골/구이,I20109,"5,191,351원",200건
2023년 03월,강서구,가양2동,한식>곱창전골/구이,I20109,"1,903,800원",77건
2023년 03월,강서구,등촌3동,한식>곱창전골/구이,I20109,"5,394,873원",177건
2023년 03월,강서구,가양3동,한식>곱창전골/구이,I20109,"1,903,800원",77건
2023년 03월,강서구,발산1동,한식>곱창전골/구이,I20109,"5,087,882원",210건
2023년 03월,강서구,우장산동,한식>곱창전골/구이,I20109,"5,636,295원",226건
2023년 03월,강서구,화곡6동,한식>곱창전골/구이,I20109,"7,285,708원",283건
2023년 03월,강서구,등촌1동,한식>곱창전골/구이,I20109,"5,394,873원",177건
2023년 03월,강서구,염창동,한식>곱창전골/구이,I20109,"1,389,317원",46건
2023년 03월,강서구,등촌2동,한식>곱창전골/구이,I20109,"5,394,873원",177건
2023년 03월,강서구,화곡3동,한식>곱창전골/구이,I20109,"7,285,708원",283건
2023년 03월,강서구,화곡본동,한식>곱창전골/구이,I20109,"7,285,708원",283건
2023년 03월,강서구,화곡1동,한식>곱창전골/구이,I20109,"7,285,708원",283건
2023년 03월,강서구,화곡4동,한식>곱창전골/구이,I20109,"7,285,708원",283건
2023년 03월,강서구,화곡8동,한식>곱창전골/구이,I20109,"7,285,708원",283건
2023년 03월,강서구,화곡2동,한식>곱창전골/구이,I20109,"7,285,708원",283건
2023년 02월,강서구,방화2동,한식>곱창전골/구이,I20109,"4,270,232원",165건
2023년 02월,강서구,방화1동,한식>곱창전골/구이,I20109,"5,484,073원",209건
2023년 02월,강서구,가양1동,한식>곱창전골/구이,I20109,"4,446,193원",168건
2023년 02월,강서구,공항동,한식>곱창전골/구이,I20109,"5,484,073원",209건
2023년 02월,강서구,가양2동,한식>곱창전골/구이,I20109,"1,685,200원",73건
2023년 02월,강서구,등촌3동,한식>곱창전골/구이,I20109,"4,884,293원",157건
2023년 02월,강서구,가양3동,한식>곱창전골/구이,I20109,"1,685,200원",73건
2023년 02월,강서구,발산1동,한식>곱창전골/구이,I20109,"5,575,840원",231건
2023년 02월,강서구,우장산동,한식>곱창전골/구이,I20109,"6,040,405원",243건
2023년 02월,강서구,화곡6동,한식>곱창전골/구이,I20109,"7,698,216원",299건
2023년 02월,강서구,등촌1동,한식>곱창전골/구이,I20109,"4,884,293원",157건
2023년 02월,강서구,염창동,한식>곱창전골/구이,I20109,"1,272,350원",47건
2023년 02월,강서구,등촌2동,한식>곱창전골/구이,I20109,"4,884,293원",157건
2023년 02월,강서구,화곡3동,한식>곱창전골/구이,I20109,"7,698,216원",299건
2023년 02월,강서구,화곡본동,한식>곱창전골/구이,I20109,"7,698,216원",299건
2023년 02월,강서구,화곡1동,한식>곱창전골/구이,I20109,"7,698,216원",299건
2023년 02월,강서구,화곡4동,한식>곱창전골/구이,I20109,"7,698,216원",299건
2023년 02월,강서구,화곡8동,한식>곱창전골/구이,I20109,"7,698,216원",299건
2023년 02월,강서구,화곡2동,한식>곱창전골/구이,I20109,"7,698,216원",299건
2023년 01월,강서구,방화2동,한식>곱창전골/구이,I20109,0원,0건
2023년 01월,강서구,방화1동,한식>곱창전골/구이,I20109,"5,872,800원",199건
2023년 01월,강서구,가양1동,한식>곱창전골/구이,I20109,0원,0건
2023년 01월,강서구,공항동,한식>곱창전골/구이,I20109,"5,872,800원",199건
2023년 01월,강서구,가양2동,한식>곱창전골/구이,I20109,0원,0건
2023년 01월,강서구,등촌3동,한식>곱창전골/구이,I20109,0원,0건
2023년 01월,강서구,가양3동,한식>곱창전골/구이,I20109,0원,0건
2023년 01월,강서구,발산1동,한식>곱창전골/구이,I20109,0원,0건
2023년 01월,강서구,우장산동,한식>곱창전골/구이,I20109,0원,0건
2023년 01월,강서구,화곡6동,한식>곱창전골/구이,I20109,0원,0건
2023년 01월,강서구,등촌1동,한식>곱창전골/구이,I20109,0원,0건
2023년 01월,강서구,염창동,한식>곱창전골/구이,I20109,"1,016,917원",24건
2023년 01월,강서구,등촌2동,한식>곱창전골/구이,I20109,0원,0건
2023년 01월,강서구,화곡3동,한식>곱창전골/구이,I20109,0원,0건
2023년 01월,강서구,화곡본동,한식>곱창전골/구이,I20109,0원,0건
2023년 01월,강서구,화곡1동,한식>곱창전골/구이,I20109,0원,0건
2023년 01월,강서구,화곡8동,한식>곱창전골/구이,I20109,0원,0건
2023년 01월,강서구,화곡2동,한식>곱창전골/구이,I20109,0원,0건
2023년 01월,강서구,화곡4동,한식>곱창전골/구이,I20109,0원,0건
2022년 12월,강서구,방화2동,한식>곱창전골/구이,I20109,0원,0건
2022년 12월,강서구,방화1동,한식>곱창전골/구이,I20109,"6,200,900원",211건
2022년 12월,강서구,가양1동,한식>곱창전골/구이,I20109,0원,0건
2022년 12월,강서구,공항동,한식>곱창전골/구이,I20109,"6,200,900원",211건
2022년 12월,강서구,가양2동,한식>곱창전골/구이,I20109,0원,0건
2022년 12월,강서구,등촌3동,한식>곱창전골/구이,I20109,0원,0건
2022년 12월,강서구,가양3동,한식>곱창전골/구이,I20109,0원,0건
2022년 12월,강서구,발산1동,한식>곱창전골/구이,I20109,0원,0건
2022년 12월,강서구,우장산동,한식>곱창전골/구이,I20109,0원,0건
2022년 12월,강서구,화곡6동,한식>곱창전골/구이,I20109,0원,0건
2022년 12월,강서구,등촌1동,한식>곱창전골/구이,I20109,0원,0건
2022년 12월,강서구,염창동,한식>곱창전골/구이,I20109,"1,020,000원",33건
2022년 12월,강서구,등촌2동,한식>곱창전골/구이,I20109,0원,0건
2022년 12월,강서구,화곡3동,한식>곱창전골/구이,I20109,0원,0건
2022년 12월,강서구,화곡본동,한식>곱창전골/구이,I20109,0원,0건
2022년 12월,강서구,화곡1동,한식>곱창전골/구이,I20109,0원,0건
2022년 12월,강서구,화곡8동,한식>곱창전골/구이,I20109,0원,0건
2022년 12월,강서구,화곡2동,한식>곱창전골/구이,I20109,0원,0건
2022년 12월,강서구,화곡4동,한식>곱창전골/구이,I20109,0원,0건
2022년 11월,강서구,방화2동,한식>곱창전골/구이,I20109,0원,0건
2022년 11월,강서구,방화1동,한식>곱창전골/구이,I20109,"5,061,200원",183건
2022년 11월,강서구,가양1동,한식>곱창전골/구이,I20109,0원,0건
2022년 11월,강서구,공항동,한식>곱창전골/구이,I20109,"5,061,200원",183건
2022년 11월,강서구,가양2동,한식>곱창전골/구이,I20109,0원,0건
2022년 11월,강서구,등촌3동,한식>곱창전골/구이,I20109,0원,0건
2022년 11월,강서구,가양3동,한식>곱창전골/구이,I20109,0원,0건
2022년 11월,강서구,발산1동,한식>곱창전골/구이,I20109,0원,0건
2022년 11월,강서구,우장산동,한식>곱창전골/구이,I20109,0원,0건
2022년 11월,강서구,화곡6동,한식>곱창전골/구이,I20109,0원,0건
2022년 11월,강서구,등촌1동,한식>곱창전골/구이,I20109,0원,0건
2022년 11월,강서구,염창동,한식>곱창전골/구이,I20109,"882,000원",29건
2022년 11월,강서구,등촌2동,한식>곱창전골/구이,I20109,0원,0건
2022년 11월,강서구,화곡3동,한식>곱창전골/구이,I20109,0원,0건
2022년 11월,강서구,화곡본동,한식>곱창전골/구이,I20109,0원,0건
2022년 11월,강서구,화곡1동,한식>곱창전골/구이,I20109,0원,0건
2022년 11월,강서구,화곡8동,한식>곱창전골/구이,I20109,0원,0건
2022년 11월,강서구,화곡2동,한식>곱창전골/구이,I20109,0원,0건
2022년 11월,강서구,화곡4동,한식>곱창전골/구이,I20109,0원,0건
2022년 10월,강서구,방화2동,한식>곱창전골/구이,I20109,0원,0건
2022년 10월,강서구,방화1동,한식>곱창전골/구이,I20109,"5,660,300원",196건
2022년 10월,강서구,가양1동,한식>곱창전골/구이,I20109,0원,0건
2022년 10월,강서구,공항동,한식>곱창전골/구이,I20109,"5,660,300원",196건
2022년 10월,강서구,가양2동,한식>곱창전골/구이,I20109,0원,0건
2022년 10월,강서구,등촌3동,한식>곱창전골/구이,I20109,0원,0건
2022년 10월,강서구,가양3동,한식>곱창전골/구이,I20109,0원,0건
2022년 10월,강서구,발산1동,한식>곱창전골/구이,I20109,0원,0건
2022년 10월,강서구,우장산동,한식>곱창전골/구이,I20109,0원,0건
2022년 10월,강서구,화곡6동,한식>곱창전골/구이,I20109,0원,0건
2022년 10월,강서구,등촌1동,한식>곱창전골/구이,I20109,0원,0건
2022년 10월,강서구,염창동,한식>곱창전골/구이,I20109,"1,089,000원",32건
2022년 10월,강서구,등촌2동,한식>곱창전골/구이,I20109,0원,0건
2022년 10월,강서구,화곡3동,한식>곱창전골/구이,I20109,0원,0건
2022년 10월,강서구,화곡본동,한식>곱창전골/구이,I20109,0원,0건
2022년 10월,강서구,화곡1동,한식>곱창전골/구이,I20109,0원,0건
2022년 10월,강서구,화곡8동,한식>곱창전골/구이,I20109,0원,0건
2022년 10월,강서구,화곡2동,한식>곱창전골/구이,I20109,0원,0건
2022년 10월,강서구,화곡4동,한식>곱창전골/구이,I20109,0원,0건
2022년 09월,강서구,방화2동,한식>곱창전골/구이,I20109,0원,0건
2022년 09월,강서구,방화1동,한식>곱창전골/구이,I20109,"5,330,800원",194건
2022년 09월,강서구,가양1동,한식>곱창전골/구이,I20109,0원,0건
2022년 09월,강서구,공항동,한식>곱창전골/구이,I20109,"5,330,800원",194건
2022년 09월,강서구,가양2동,한식>곱창전골/구이,I20109,0원,0건
2022년 09월,강서구,등촌3동,한식>곱창전골/구이,I20109,0원,0건
2022년 09월,강서구,가양3동,한식>곱창전골/구이,I20109,0원,0건
2022년 09월,강서구,발산1동,한식>곱창전골/구이,I20109,0원,0건
2022년 09월,강서구,우장산동,한식>곱창전골/구이,I20109,0원,0건
2022년 09월,강서구,화곡6동,한식>곱창전골/구이,I20109,0원,0건
2022년 09월,강서구,등촌1동,한식>곱창전골/구이,I20109,0원,0건
2022년 09월,강서구,염창동,한식>곱창전골/구이,I20109,"806,083원",21건
2022년 09월,강서구,등촌2동,한식>곱창전골/구이,I20109,0원,0건
2022년 09월,강서구,화곡3동,한식>곱창전골/구이,I20109,0원,0건
2022년 09월,강서구,화곡본동,한식>곱창전골/구이,I20109,0원,0건
2022년 09월,강서구,화곡1동,한식>곱창전골/구이,I20109,0원,0건
2022년 09월,강서구,화곡8동,한식>곱창전골/구이,I20109,0원,0건
2022년 09월,강서구,화곡2동,한식>곱창전골/구이,I20109,0원,0건
2022년 09월,강서구,화곡4동,한식>곱창전골/구이,I20109,0원,0건
2022년 08월,강서구,방화2동,한식>곱창전골/구이,I20109,0원,0건
2022년 08월,강서구,방화1동,한식>곱창전골/구이,I20109,"4,951,700원",173건
2022년 08월,강서구,가양1동,한식>곱창전골/구이,I20109,0원,0건
2022년 08월,강서구,공항동,한식>곱창전골/구이,I20109,"4,951,700원",173건
2022년 08월,강서구,가양2동,한식>곱창전골/구이,I20109,0원,0건
2022년 08월,강서구,등촌3동,한식>곱창전골/구이,I20109,0원,0건
2022년 08월,강서구,가양3동,한식>곱창전골/구이,I20109,0원,0건
2022년 08월,강서구,발산1동,한식>곱창전골/구이,I20109,0원,0건
2022년 08월,강서구,우장산동,한식>곱창전골/구이,I20109,0원,0건
2022년 08월,강서구,화곡6동,한식>곱창전골/구이,I20109,0원,0건
2022년 08월,강서구,등촌1동,한식>곱창전골/구이,I20109,0원,0건
2022년 08월,강서구,염창동,한식>곱창전골/구이,I20109,"724,808원",17건
2022년 08월,강서구,등촌2동,한식>곱창전골/구이,I20109,0원,0건
2022년 08월,강서구,화곡3동,한식>곱창전골/구이,I20109,0원,0건
2022년 08월,강서구,화곡본동,한식>곱창전골/구이,I20109,0원,0건
2022년 08월,강서구,화곡1동,한식>곱창전골/구이,I20109,0원,0건
2022년 08월,강서구,화곡8동,한식>곱창전골/구이,I20109,0원,0건
2022년 08월,강서구,화곡2동,한식>곱창전골/구이,I20109,0원,0건
2022년 08월,강서구,화곡4동,한식>곱창전골/구이,I20109,0원,0건
2022년 07월,강서구,방화2동,한식>곱창전골/구이,I20109,0원,0건
2022년 07월,강서구,방화1동,한식>곱창전골/구이,I20109,"5,345,300원",183건
2022년 07월,강서구,가양1동,한식>곱창전골/구이,I20109,0원,0건
2022년 07월,강서구,공항동,한식>곱창전골/구이,I20109,"5,345,300원",183건
2022년 07월,강서구,가양2동,한식>곱창전골/구이,I20109,0원,0건
2022년 07월,강서구,등촌3동,한식>곱창전골/구이,I20109,0원,0건
2022년 07월,강서구,가양3동,한식>곱창전골/구이,I20109,0원,0건
2022년 07월,강서구,발산1동,한식>곱창전골/구이,I20109,0원,0건
2022년 07월,강서구,우장산동,한식>곱창전골/구이,I20109,0원,0건
2022년 07월,강서구,화곡6동,한식>곱창전골/구이,I20109,0원,0건
2022년 07월,강서구,등촌1동,한식>곱창전골/구이,I20109,0원,0건
2022년 07월,강서구,염창동,한식>곱창전골/구이,I20109,"2,220,700원",43건
2022년 07월,강서구,등촌2동,한식>곱창전골/구이,I20109,0원,0건
2022년 07월,강서구,화곡3동,한식>곱창전골/구이,I20109,0원,0건
2022년 07월,강서구,화곡본동,한식>곱창전골/구이,I20109,0원,0건
2022년 07월,강서구,화곡1동,한식>곱창전골/구이,I20109,0원,0건
2022년 07월,강서구,화곡8동,한식>곱창전골/구이,I20109,0원,0건
2022년 07월,강서구,화곡2동,한식>곱창전골/구이,I20109,0원,0건
2022년 07월,강서구,화곡4동,한식>곱창전골/구이,I20109,0원,0건
2022년 06월,강서구,방화2동,한식>곱창전골/구이,I20109,0원,0건
2022년 06월,강서구,방화1동,한식>곱창전골/구이,I20109,"4,042,750원",126건
2022년 06월,강서구,가양1동,한식>곱창전골/구이,I20109,0원,0건
2022년 06월,강서구,공항동,한식>곱창전골/구이,I20109,"4,042,750원",126건
2022년 06월,강서구,가양2동,한식>곱창전골/구이,I20109,0원,0건
2022년 06월,강서구,등촌3동,한식>곱창전골/구이,I20109,0원,0건
2022년 06월,강서구,가양3동,한식>곱창전골/구이,I20109,0원,0건
2022년 06월,강서구,발산1동,한식>곱창전골/구이,I20109,0원,0건
2022년 06월,강서구,우장산동,한식>곱창전골/구이,I20109,0원,0건
2022년 06월,강서구,화곡6동,한식>곱창전골/구이,I20109,0원,0건
2022년 06월,강서구,등촌1동,한식>곱창전골/구이,I20109,0원,0건
2022년 06월,강서구,염창동,한식>곱창전골/구이,I20109,"759,808원",17건
2022년 06월,강서구,등촌2동,한식>곱창전골/구이,I20109,0원,0건
2022년 06월,강서구,화곡3동,한식>곱창전골/구이,I20109,0원,0건
2022년 06월,강서구,화곡본동,한식>곱창전골/구이,I20109,0원,0건
2022년 06월,강서구,화곡1동,한식>곱창전골/구이,I20109,0원,0건
2022년 06월,강서구,화곡8동,한식>곱창전골/구이,I20109,0원,0건
2022년 06월,강서구,화곡2동,한식>곱창전골/구이,I20109,0원,0건
2022년 06월,강서구,화곡4동,한식>곱창전골/구이,I20109,0원,0건
2022년 05월,강서구,방화2동,한식>곱창전골/구이,I20109,0원,0건
2022년 05월,강서구,방화1동,한식>곱창전골/구이,I20109,"3,074,800원",119건
2022년 05월,강서구,가양1동,한식>곱창전골/구이,I20109,0원,0건
2022년 05월,강서구,공항동,한식>곱창전골/구이,I20109,"3,074,800원",119건
2022년 05월,강서구,가양2동,한식>곱창전골/구이,I20109,0원,0건
2022년 05월,강서구,등촌3동,한식>곱창전골/구이,I20109,0원,0건
2022년 05월,강서구,가양3동,한식>곱창전골/구이,I20109,0원,0건
2022년 05월,강서구,발산1동,한식>곱창전골/구이,I20109,0원,0건
2022년 05월,강서구,우장산동,한식>곱창전골/구이,I20109,0원,0건
2022년 05월,강서구,화곡6동,한식>곱창전골/구이,I20109,0원,0건
2022년 05월,강서구,등촌1동,한식>곱창전골/구이,I20109,0원,0건
2022년 05월,강서구,염창동,한식>곱창전골/구이,I20109,"862,942원",20건
2022년 05월,강서구,등촌2동,한식>곱창전골/구이,I20109,0원,0건
2022년 05월,강서구,화곡3동,한식>곱창전골/구이,I20109,0원,0건
2022년 05월,강서구,화곡본동,한식>곱창전골/구이,I20109,0원,0건
2022년 05월,강서구,화곡1동,한식>곱창전골/구이,I20109,0원,0건
2022년 05월,강서구,화곡8동,한식>곱창전골/구이,I20109,0원,0건
2022년 05월,강서구,화곡2동,한식>곱창전골/구이,I20109,0원,0건
2022년 05월,강서구,화곡4동,한식>곱창전골/구이,I20109,0원,0건
2022년 04월,강서구,방화2동,한식>곱창전골/구이,I20109,0원,0건
2022년 04월,강서구,방화1동,한식>곱창전골/구이,I20109,"2,785,133원",95건
2022년 04월,강서구,가양1동,한식>곱창전골/구이,I20109,0원,0건
2022년 04월,강서구,공항동,한식>곱창전골/구이,I20109,"2,785,133원",95건
2022년 04월,강서구,가양2동,한식>곱창전골/구이,I20109,0원,0건
2022년 04월,강서구,등촌3동,한식>곱창전골/구이,I20109,0원,0건
2022년 04월,강서구,가양3동,한식>곱창전골/구이,I20109,0원,0건
2022년 04월,강서구,발산1동,한식>곱창전골/구이,I20109,0원,0건
2022년 04월,강서구,우장산동,한식>곱창전골/구이,I20109,0원,0건
2022년 04월,강서구,화곡6동,한식>곱창전골/구이,I20109,0원,0건
2022년 04월,강서구,등촌1동,한식>곱창전골/구이,I20109,0원,0건
2022년 04월,강서구,염창동,한식>곱창전골/구이,I20109,"430,800원",13건
2022년 04월,강서구,등촌2동,한식>곱창전골/구이,I20109,0원,0건
2022년 04월,강서구,화곡3동,한식>곱창전골/구이,I20109,0원,0건
2022년 04월,강서구,화곡본동,한식>곱창전골/구이,I20109,0원,0건
2022년 04월,강서구,화곡1동,한식>곱창전골/구이,I20109,0원,0건
2022년 04월,강서구,화곡8동,한식>곱창전골/구이,I20109,0원,0건
2022년 04월,강서구,화곡2동,한식>곱창전골/구이,I20109,0원,0건
2022년 04월,강서구,화곡4동,한식>곱창전골/구이,I20109,0원,0건
2022년 03월,강서구,방화2동,한식>곱창전골/구이,I20109,0원,0건
2022년 03월,강서구,방화1동,한식>곱창전골/구이,I20109,"3,096,666원",103건
2022년 03월,강서구,가양1동,한식>곱창전골/구이,I20109,0원,0건
2022년 03월,강서구,공항동,한식>곱창전골/구이,I20109,"3,096,666원",103건
2022년 03월,강서구,가양2동,한식>곱창전골/구이,I20109,0원,0건
2022년 03월,강서구,등촌3동,한식>곱창전골/구이,I20109,0원,0건
2022년 03월,강서구,가양3동,한식>곱창전골/구이,I20109,0원,0건
2022년 03월,강서구,발산1동,한식>곱창전골/구이,I20109,0원,0건
2022년 03월,강서구,우장산동,한식>곱창전골/구이,I20109,0원,0건
2022년 03월,강서구,화곡6동,한식>곱창전골/구이,I20109,0원,0건
2022년 03월,강서구,등촌1동,한식>곱창전골/구이,I20109,0원,0건
2022년 03월,강서구,염창동,한식>곱창전골/구이,I20109,"581,593원",15건
2022년 03월,강서구,등촌2동,한식>곱창전골/구이,I20109,0원,0건
2022년 03월,강서구,화곡3동,한식>곱창전골/구이,I20109,0원,0건
2022년 03월,강서구,화곡본동,한식>곱창전골/구이,I20109,0원,0건
2022년 03월,강서구,화곡1동,한식>곱창전골/구이,I20109,0원,0건
2022년 03월,강서구,화곡8동,한식>곱창전골/구이,I20109,0원,0건
2022년 03월,강서구,화곡2동,한식>곱창전골/구이,I20109,0원,0건
2022년 03월,강서구,화곡4동,한식>곱창전골/구이,I20109,0원,0건
2022년 02월,강서구,방화2동,한식>곱창전골/구이,I20109,0원,0건
2022년 02월,강서구,방화1동,한식>곱창전골/구이,I20109,"3,538,300원",113건
2022년 02월,강서구,가양1동,한식>곱창전골/구이,I20109,0원,0건
2022년 02월,강서구,공항동,한식>곱창전골/구이,I20109,"3,538,300원",113건
2022년 02월,강서구,가양2동,한식>곱창전골/구이,I20109,0원,0건
2022년 02월,강서구,등촌3동,한식>곱창전골/구이,I20109,0원,0건
2022년 02월,강서구,가양3동,한식>곱창전골/구이,I20109,0원,0건
2022년 02월,강서구,발산1동,한식>곱창전골/구이,I20109,0원,0건
2022년 02월,강서구,우장산동,한식>곱창전골/구이,I20109,0원,0건
2022년 02월,강서구,화곡6동,한식>곱창전골/구이,I20109,0원,0건
2022년 02월,강서구,등촌1동,한식>곱창전골/구이,I20109,0원,0건
2022년 02월,강서구,염창동,한식>곱창전골/구이,I20109,"884,942원",23건
2022년 02월,강서구,등촌2동,한식>곱창전골/구이,I20109,0원,0건
2022년 02월,강서구,화곡3동,한식>곱창전골/구이,I20109,0원,0건
2022년 02월,강서구,화곡본동,한식>곱창전골/구이,I20109,0원,0건
2022년 02월,강서구,화곡1동,한식>곱창전골/구이,I20109,0원,0건
2022년 02월,강서구,화곡8동,한식>곱창전골/구이,I20109,0원,0건
2022년 02월,강서구,화곡2동,한식>곱창전골/구이,I20109,0원,0건
2022년 02월,강서구,화곡4동,한식>곱창전골/구이,I20109,0원,0건
