기준년도,자치구명,총_유동인구_수,연령대_10_유동인구_수,연령대_20_유동인구_수,연령대_30_유동인구_수,연령대_40_유동인구_수,연령대_50_유동인구_수,연령대_60_이상_유동인구_수,총_직장_인구_수,연령대_10_직장_인구_수,연령대_20_직장_인구_수,연령대_30_직장_인구_수,연령대_40_직장_인구_수,연령대_50_직장_인구_수,연령대_60_이상_직장_인구_수,전체점포수,프랜차이즈비율(%),sh_closure_growth_ratio
2020,종로구,269448773,27795541,47778447,43352079,45191946,43972157,61358604,230875,2300,41020,67823,64783,40269,14680,27855.0,15.29,-1.2710323168039368
2020,중구,237541555,18094522,38562734,47087623,43270859,39198095,51327720,415266,1558,90803,131210,103097,66102,22496,26090.0,19.66,-2.7460956085223365
2020,용산구,270388358,32635562,43235424,53080308,46913789,37655020,56868255,146887,405,32018,44607,37531,24514,7812,20680.0,14.33,-0.996724092217484
2020,성동구,312557080,44252802,51276012,55616126,49779633,45246523,66385982,60218,168,9902,14550,14478,12931,8189,17944.0,19.9,-1.630597316754144
2020,광진구,388269890,57166834,72263563,64778173,58802233,56157993,79101093,48840,131,7345,10064,12026,12941,6334,21362.0,20.52,1.1558636356189151
2020,동대문구,437308938,58156913,80319959,63509993,63176717,62510263,109635097,52499,43,7876,11507,12397,11970,8706,20125.0,17.73,-8.143692522130966
2020,중랑구,420499024,60836929,56260078,63058117,62036512,69822492,108484900,22118,7,2552,4627,5760,5828,3343,17548.0,17.72,0.1055859625076709
2020,성북구,499930302,86005128,82087180,68734166,75357996,70375519,117370310,60501,262,7496,14513,17065,15289,5877,19178.0,20.53,-1.7858033855583886
2020,강북구,415608298,58633307,57027862,53198437,61692083,65642552,119414064,17086,2,1566,3035,4080,4644,3759,16081.0,17.09,-0.3207720022877731
2020,도봉구,273780371,42012173,34257406,36010357,40151648,43768189,77580593,19953,3,2174,3994,4941,5178,3664,12330.0,17.92,0.0369391260521526
2020,노원구,430769228,80792628,60578407,51259160,65191461,65754338,107193232,25818,15,3080,5168,6286,6781,4488,18988.0,24.16,-0.4162675232163036
2020,은평구,419287391,69541106,54199431,62395963,65837301,61902179,105411410,28758,5,3450,6029,7208,6982,5084,19452.0,19.18,-0.2613800981045125
2020,서대문구,376779915,52811334,68691743,61145983,60183220,53342366,80605272,35177,35,4340,7667,8593,9675,4868,18339.0,19.55,-0.2163625725489284
2020,마포구,476460629,65811393,93974097,91421488,79694033,60203440,85356179,109678,198,21147,29685,26748,20157,11742,38564.0,16.17,2.2629205435012367
2020,양천구,335425540,69356124,40201777,46179462,55407285,50084867,74196022,74728,157,11412,18482,18452,16238,9986,16552.0,22.89,-1.0541515320560997
2020,강서구,481417568,78139907,67072149,85904438,75542642,65700339,109058095,69556,58,9641,16476,16967,16320,10094,27557.0,24.08,0.1303708525468147
2020,구로구,325346298,47470775,42505191,53855948,54437994,49852771,77223620,110741,297,18784,31698,27806,20186,11970,20525.0,21.74,0.547771005993274
2020,금천구,157348516,18893334,22767818,27200578,24668026,25924532,37894224,112988,326,19585,31221,26687,18879,16290,14617.0,23.29,4.07864240847979
2020,영등포구,432976761,53492798,65697524,80981246,71613656,66584871,94606665,327155,648,57247,106452,85937,54312,22560,30380.0,19.54,-2.8042770090843523
2020,동작구,366090064,52802944,67054178,60406892,53298091,48817429,83710529,49512,48,7955,12270,11536,10764,6939,17202.0,22.87,-2.4572107912270047
2020,관악구,546766748,60861340,126592994,101367956,76568179,67292429,114083852,40284,23,5988,9863,9826,8784,5800,23569.0,19.51,-3.648123339280004
2020,서초구,403552320,62736560,59280119,73781247,74754280,55368874,77631235,430680,1224,75722,120418,109422,91241,32653,29954.0,20.73,-2.484920152759648
2020,강남구,583759676,85209576,100268982,121334653,111184637,72733173,93028654,941487,2896,187174,288050,240040,156059,67267,52794.0,19.77,-0.4483619796044523
2020,송파구,517546333,87012080,69676342,88915830,83774475,76713396,111454212,329967,562,47336,81130,85680,76876,38382,34749.0,22.77,0.0486517937116414
2020,강동구,452819298,76657393,55600976,69769888,71874743,69045929,109870375,51801,29,6690,11093,11899,12174,9916,21851.0,20.47,0.1904809291596727
2021,종로구,261640534,27517864,45971987,41627856,43608136,43476767,59437922,230085,2171,40753,67773,64621,40166,14601,27786.0,15.09,-1.2710323168039368
2021,중구,227925477,17881815,37175827,45560932,41680826,37694282,47931796,418193,1437,91426,132084,103871,66642,22732,25990.0,19.53,-2.7460956085223365
2021,용산구,262462178,31291581,41315697,52602673,45803034,37342046,54107146,148352,347,32123,44859,38093,25059,7870,20999.0,14.36,-0.996724092217484
2021,성동구,304550750,41940791,50714838,55014104,49423324,44546816,62910878,60786,122,10036,14798,14674,13024,8131,19162.0,20.15,-1.630597316754144
2021,광진구,373714987,54235152,69823945,63114453,57287831,54643009,74610598,51279,107,7829,10622,12639,13600,6481,22497.0,20.69,1.1558636356189151
2021,동대문구,420812272,55523985,78311593,61910041,61218627,60596263,103251763,52028,8,7785,11442,12312,11897,8584,20911.0,18.39,-8.143692522130966
2021,중랑구,411417120,57676362,55303185,62648648,61145031,68557715,106086180,21992,2,2422,4594,5769,5876,3329,18453.0,18.18,0.1055859625076709
2021,성북구,482183382,83301072,79070026,66851811,73251396,69026837,110682243,64475,287,8146,15560,18193,16291,5998,19925.0,21.03,-1.7858033855583886
2021,강북구,401909375,56008367,54553256,51404580,60078971,64515995,115348205,16433,0,1364,2882,3961,4565,3662,16721.0,17.65,-0.3207720022877731
2021,도봉구,269012447,41759124,33251619,34973432,39534452,43216279,76277539,19916,0,2105,3980,4980,5230,3621,12916.0,18.59,0.0369391260521526
2021,노원구,412795380,77139267,56132275,49432321,62361022,63793405,103937094,26685,2,3158,5340,6514,7031,4640,19779.0,24.82,-0.4162675232163036
2021,은평구,409376606,66757494,52839433,61692055,64972866,61249537,101865220,28777,0,3315,5994,7222,7021,5225,20597.0,20.27,-0.2613800981045125
2021,서대문구,371535697,53145930,65807955,61541183,60343131,53519973,77177524,36188,14,4366,7830,8860,10032,5087,18729.0,20.18,-0.2163625725489284
2021,마포구,459153971,62988768,88892919,89587938,78627035,59052880,80004431,110998,100,21452,29990,27061,20478,11918,40157.0,16.28,2.2629205435012367
2021,양천구,324561212,68480710,38141014,44692088,54056176,48470403,70720820,75483,130,11586,18867,18720,16375,9805,17454.0,23.24,-1.0541515320560997
2021,강서구,469789514,75624038,65152536,84556528,75469622,63697612,105289175,70518,27,9660,16720,17282,16643,10186,29542.0,24.19,0.1303708525468147
2021,구로구,317721890,45353172,40801787,52644125,53528621,49768716,75625470,119932,278,20502,34633,30145,21632,12741,21366.0,22.69,0.547771005993274
2021,금천구,155088584,17496175,23075339,27382389,24631936,25787351,36715392,119845,317,20892,33390,28436,19968,16842,15346.0,23.99,4.07864240847979
2021,영등포구,432000183,52832648,64453043,83695458,72087571,66921063,92010403,327232,564,57235,106483,85972,54409,22570,31580.0,20.06,-2.8042770090843523
2021,동작구,345774220,50116667,60741876,58004166,51910023,46846047,78155437,49802,30,7952,12334,11623,10878,6987,17525.0,23.01,-2.4572107912270047
2021,관악구,529345174,57725465,120980263,99612651,75547277,66314779,109164740,40359,8,5924,9928,9901,8856,5743,24837.0,19.93,-3.648123339280004
2021,서초구,395315632,64184135,55892983,71776190,75461667,55208439,72792222,436582,1040,76838,122269,111128,92222,33085,30420.0,21.27,-2.484920152759648
2021,강남구,564386284,86319137,92890100,115931174,110407894,72296433,86541549,956384,2635,190085,292723,243863,158614,68463,54874.0,19.49,-0.4483619796044523
2021,송파구,505754516,85776713,67256365,87700350,83394174,74645148,106981764,339396,465,48596,83843,88456,78981,39055,36462.0,22.76,0.0486517937116414
2021,강동구,443510525,74309564,54322114,69402119,71512557,67359881,106604289,50997,6,6552,10948,11764,11993,9734,22948.0,21.46,0.1904809291596727
2022,종로구,272689230,29686391,50831921,42740468,44247667,44529504,60653278,225585,2068,39968,66503,63455,39419,14171,28310.0,14.86,-1.2710323168039368
2022,중구,235948616,19597424,39996719,47061287,42970166,38424089,47898931,414351,1308,90197,131031,103112,66125,22578,26418.0,19.24,-2.7460956085223365
2022,용산구,260199989,31916161,41801500,52413842,45169586,36856257,52042643,150290,289,32763,45670,38485,25174,7909,22066.0,14.06,-0.996724092217484
2022,성동구,299693827,40880455,51976414,54126881,48441931,43416436,60851713,62295,96,10382,15291,15080,13251,8195,20102.0,19.53,-1.630597316754144
2022,광진구,373943993,54529539,72146490,62864441,56909926,54014364,73479237,51290,80,7823,10696,12695,13570,6424,23409.0,21.01,1.1558636356189151
2022,동대문구,424842611,55934386,85699326,61691775,61168843,59948245,100400033,52152,0,7741,11514,12403,11947,8547,21669.0,18.89,-8.143692522130966
2022,중랑구,399315778,54935204,52989836,61518894,59759934,66764236,103347669,21218,1,2197,4412,5661,5754,3193,19166.0,18.57,0.1055859625076709
2022,성북구,477784315,83442699,81709125,66072786,71883115,68955008,105721583,63044,284,7918,15184,17772,15922,5964,20556.0,21.22,-1.7858033855583886
2022,강북구,392047922,55047509,54146823,49979694,58523092,63613698,110737108,16380,0,1228,2781,3979,4643,3749,17125.0,18.23,-0.3207720022877731
2022,도봉구,262991100,41411074,31692780,34245493,38600051,42468520,74573183,20190,0,2074,4039,5085,5374,3618,13172.0,19.4,0.0369391260521526
2022,노원구,392969150,73318263,53533674,47301858,58728296,60887740,99199315,29393,0,3449,5845,7166,7765,5168,20228.0,25.38,-0.4162675232163036
2022,은평구,404062174,66078846,51804276,60668584,64449801,61041420,100019247,29970,0,3269,6142,7438,7352,5769,21373.0,20.59,-0.2613800981045125
2022,서대문구,377060197,54738282,69973324,61637185,61094373,53883368,75733665,35974,4,4273,7674,8808,10200,5014,19291.0,20.2,-0.2163625725489284
2022,마포구,461266102,63665518,93188894,89899878,78278234,58634710,77598869,110581,58,21232,29935,27026,20436,11895,42105.0,16.3,2.2629205435012367
2022,양천구,314496345,66257531,36151532,43623096,52853025,47250856,68360303,76978,106,11790,19264,19154,16734,9930,18147.0,23.98,-1.0541515320560997
2022,강서구,458311729,73272404,63441990,83812116,75102283,61414255,101268686,69361,10,9324,16353,17115,16539,10020,31125.0,24.44,0.1303708525468147
2022,구로구,315829888,44618577,39750854,52918606,53565024,50461932,74514899,124966,242,20893,35720,31416,23067,13628,22164.0,23.17,0.547771005993274
2022,금천구,153061425,17141193,22829715,27466529,24293420,25604320,35726245,119744,298,20850,33430,28471,19994,16701,16205.0,24.68,4.07864240847979
2022,영등포구,437750450,53473754,64964256,85388650,73932328,68118405,91873058,328506,527,57437,106798,86291,54700,22753,32537.0,20.0,-2.8042770090843523
2022,동작구,343149881,51106867,62149566,57184237,51532191,46173740,75003283,47834,22,7540,11899,11287,10463,6623,17784.0,22.9,-2.4572107912270047
2022,관악구,525599606,56619832,122879646,99524238,74963155,65993444,105619292,41826,3,6042,10310,10303,9280,5887,25479.0,20.28,-3.648123339280004
2022,서초구,394008432,65811653,55859153,71161604,75607772,55224730,70343522,437306,863,76872,122403,111452,92527,33189,30867.0,21.22,-2.484920152759648
2022,강남구,574119915,90481101,94691606,117460751,113004647,74006536,84475274,935745,2304,186188,286970,238846,154821,66617,56565.0,19.35,-0.4483619796044523
2022,송파구,499095319,85898409,64681311,87006507,83041844,73274670,105192580,350307,413,50068,86422,91150,81825,40429,37864.0,22.94,0.0486517937116414
2022,강동구,435543336,72981797,52163077,67751865,70706237,66031670,105908689,49302,1,6264,10585,11470,11562,9422,23583.0,21.75,0.1904809291596727
2023,종로구,272436494,29528380,51913155,43368857,43806909,44659274,59159920,219002,1977,39118,64695,61631,38106,13476,28973.0,14.74,-1.2710323168039368
2023,중구,239052730,19960674,40341498,48320558,43556575,38844410,48029014,407205,1188,87944,129004,101678,65103,22288,27269.0,19.08,-2.7460956085223365
2023,용산구,254500974,30700316,40578841,51492506,44874375,36523499,50331434,146010,236,31585,44408,37627,24464,7691,23049.0,14.2,-0.996724092217484
2023,성동구,294579622,39139332,52207046,53447463,48188761,42800099,58796927,64956,81,10816,15978,15748,13809,8525,20986.0,18.61,-1.630597316754144
2023,광진구,369607571,54841845,71702235,62122695,56089707,52590030,72261056,48716,63,7406,10156,12083,12923,6086,23659.0,21.16,1.1558636356189151
2023,동대문구,424754033,55943193,89352804,60875600,61923866,59559268,97099299,51933,0,7670,11485,12356,11873,8548,22123.0,18.75,-8.143692522130966
2023,중랑구,389600260,54280184,51340092,60675921,58591448,64709343,100003275,20282,0,2010,4212,5443,5585,3032,19547.0,19.3,0.1055859625076709
2023,성북구,479406889,84278163,83543439,65228574,71706767,70052885,104597061,60001,246,7374,14500,16983,15249,5648,20940.0,21.38,-1.7858033855583886
2023,강북구,383042931,54473584,53883791,49107454,56900999,62426072,106251031,15844,0,1124,2680,3967,4599,3474,17278.0,18.38,-0.3207720022877731
2023,도봉구,254734419,40130394,30483633,32977431,37415454,41507059,72220446,19666,0,1980,3932,4970,5316,3467,13178.0,19.62,0.0369391260521526
2023,노원구,383070443,70145004,52933509,46243661,57276223,59946989,96525055,29625,0,3477,5822,7177,7843,5307,20460.0,25.37,-0.4162675232163036
2023,은평구,396012468,63659519,50998434,59537384,64231388,60717474,96868269,29574,0,3116,6101,7380,7306,5671,21485.0,20.81,-0.2613800981045125
2023,서대문구,378980450,53370771,72114703,62465321,62490086,54067908,74471660,35865,0,4408,7822,8727,10219,4689,19513.0,20.25,-0.2163625725489284
2023,마포구,463013119,63433867,94597473,90444207,78763479,59338545,76435549,106356,38,20514,28940,26038,19569,11257,43453.0,15.98,2.2629205435012367
2023,양천구,309438362,65772445,34568855,42409600,52160825,46680795,67845840,73501,86,11318,18467,18282,15922,9426,18439.0,24.05,-1.0541515320560997
2023,강서구,455000174,72862948,62257530,83048765,75583677,61373508,99873744,59950,3,7855,13992,14863,14494,8745,31765.0,24.58,0.1303708525468147
2023,구로구,318007944,44831390,39425487,53574635,54124097,51135214,74917116,123058,216,20603,35426,30954,22518,13340,22591.0,23.67,0.547771005993274
2023,금천구,148430814,16598657,21409532,26946839,23872254,24861499,34742033,119524,288,20861,33492,28486,19890,16508,16591.0,24.45,4.07864240847979
2023,영등포구,437013613,52825786,64756040,85330084,74718627,67819143,91563935,328985,506,57509,107388,86604,54580,22398,33535.0,20.11,-2.8042770090843523
2023,동작구,333836816,50261053,61740159,54983487,50218244,44919869,71713999,40577,12,6286,10205,9776,8870,5426,17997.0,22.38,-2.4572107912270047
2023,관악구,516347566,56410149,122277663,98742834,73361098,64832667,100723159,41986,1,6023,10449,10336,9366,5811,25810.0,20.32,-3.648123339280004
2023,서초구,389202667,65310069,54840353,70255604,75265949,55340161,68190533,430840,702,75189,119981,110038,92184,32745,30976.0,21.25,-2.484920152759648
2023,강남구,578209971,93111741,93666957,117369639,115015067,75732260,83314305,897607,1958,179141,275324,229296,148391,63497,57471.0,19.26,-0.4483619796044523
2023,송파구,486901667,83747878,62633159,83772468,81742698,71669931,103335528,333883,360,48092,82616,86855,78006,37953,38790.0,22.88,0.0486517937116414
2023,강동구,429107241,72852013,50511858,66207564,70501690,64548872,104485246,49476,0,6207,10566,11532,11690,9482,23722.0,21.98,0.1904809291596727
2024,종로구,267886071,28760953,51915887,42884201,43232918,43389751,57702363,218395,1914,38864,64598,61548,38034,13437,29251.0,14.64,-1.2710323168039368
2024,중구,234371427,18918715,39855817,47572239,43081517,37935883,47007256,429370,1156,92498,135843,107245,68881,23746,27958.0,18.74,-2.7460956085223365
2024,용산구,240035357,29278236,38425618,48567847,42994708,34398482,46370463,146853,216,32091,44476,37978,24420,7672,23419.0,14.32,-0.996724092217484
2024,성동구,294006275,38791741,51829061,53838671,48444109,43085977,58016718,76288,75,12762,18886,18532,16064,9968,21385.0,17.79,-1.630597316754144
2024,광진구,367362556,54787053,71267144,61258683,56028483,52135605,71885588,44240,46,6728,9208,10989,11822,5446,23558.0,20.29,1.1558636356189151
2024,동대문구,418135019,54725659,87996856,60282873,61606671,59067134,94455827,52850,0,7733,11700,12573,11997,8848,22357.0,18.76,-8.143692522130966
2024,중랑구,377334879,51670510,49799339,59230285,57039156,61918413,97677179,19274,0,1790,3938,5182,5421,2942,19753.0,19.39,0.1055859625076709
2024,성북구,473814550,82109895,83494576,63684843,71330083,70010079,103185079,58146,238,7235,14098,16364,14697,5515,20995.0,21.29,-1.7858033855583886
2024,강북구,372925026,52304171,52496627,47697517,55910095,61308668,103207947,16604,0,1109,2737,4278,4922,3559,16964.0,18.0,-0.3207720022877731
2024,도봉구,249102438,38118860,29936173,32382153,36773936,40832357,71058954,19730,0,1964,3956,5018,5434,3359,13061.0,20.19,0.0369391260521526
2024,노원구,376290262,68234760,52129976,45439249,56398161,59372710,94715408,35385,0,4140,6782,8473,9424,6566,20466.0,25.36,-0.4162675232163036
2024,은평구,391313729,62828625,50186258,58718166,63642815,60260387,95677480,32098,0,3034,6342,7700,7872,7151,21308.0,20.48,-0.2613800981045125
2024,서대문구,380085590,51374422,72974308,63297324,63701132,55260298,73478105,45642,0,5811,10218,10976,12933,5702,19549.0,19.72,-0.2163625725489284
2024,마포구,457734084,63924241,92435232,88512293,77997810,59763741,75100768,112488,24,21720,30848,27748,20520,11628,43848.0,15.71,2.2629205435012367
2024,양천구,310867458,66752264,34227852,41816230,52193006,46845602,69032507,76865,74,12016,19658,19163,16444,9510,18064.0,23.66,-1.0541515320560997
2024,강서구,455609493,73125932,61616253,82365854,76423661,62227123,99850674,65986,2,8494,15394,16403,16040,9655,32234.0,24.13,0.1303708525468147
2024,구로구,317235703,45607819,38444980,52663819,53637280,51304775,75577029,126978,195,20848,36427,31889,23539,14080,22436.0,23.24,0.547771005993274
2024,금천구,143385876,16217049,20536647,25877332,23159903,23852965,33741979,122202,288,21635,34650,29259,20066,16304,16706.0,24.31,4.07864240847979
2024,영등포구,433727992,51343251,64888012,85183677,74605083,66831004,90876971,356802,520,62334,117406,94501,58669,23373,34203.0,19.97,-2.8042770090843523
2024,동작구,327231529,48750902,60885730,53873451,49414273,44466455,69840718,39904,14,6321,9961,9397,8711,5501,18118.0,22.57,-2.4572107912270047
2024,관악구,508265050,54131576,119247687,99027503,72580927,64727787,98549566,41291,1,5777,10244,10194,9412,5663,26036.0,20.16,-3.648123339280004
2024,서초구,387525610,65888700,53875121,69297499,75894088,55960702,66609499,437357,590,76186,121409,111828,94207,33137,31295.0,21.04,-2.484920152759648
2024,강남구,577853121,95944690,90275921,114244649,116990581,77358394,83038889,1028385,2214,205084,315723,263238,170117,72009,57335.0,18.89,-0.4483619796044523
2024,송파구,484592112,83632031,62063760,82965528,81868915,70777664,103284208,352322,364,51085,88454,92587,80626,39206,38762.0,22.74,0.0486517937116414
2024,강동구,428566870,72567187,50276350,65798283,70775592,64597432,104552026,49572,0,6083,10538,11631,11742,9579,23644.0,21.95,0.1904809291596727
2025,종로구,263056536,27397173,50965996,42594314,42995441,42559409,56544201,223590,1828,39075,65997,63365,39373,13952,29096.0,14.43,-1.2710323168039368
2025,중구,228967886,18167870,38752305,46255892,42467016,36982615,46342187,406487,1094,88336,128485,101450,64910,22212,27956.0,18.1,-2.7460956085223365
2025,용산구,232602206,28511053,37707756,46751266,41999487,33590187,44042455,176024,215,37562,53215,46007,29909,9116,23140.0,13.86,-0.996724092217484
2025,성동구,290137603,38731834,51539387,53631888,47971258,42111375,56151859,73657,61,12038,17991,17855,15823,9889,20898.0,17.16,-1.630597316754144
2025,광진구,356922647,53356377,69593327,59811941,54810312,50009649,69341041,56058,53,8541,11600,13908,15107,6849,22933.0,19.76,1.1558636356189151
2025,동대문구,412482957,54445551,87189453,60917574,61144019,58149803,90636558,50705,0,7574,11215,12070,11567,8279,21565.0,18.12,-8.143692522130966
2025,중랑구,372068395,50601488,48964936,58966485,56782418,60374304,96378763,21334,0,2058,4454,5814,5950,3058,19103.0,19.23,0.1055859625076709
2025,성북구,475229528,81439790,85037959,64163243,70678415,71201170,102708958,68606,245,8330,16828,19629,17457,6117,20508.0,21.3,-1.7858033855583886
2025,강북구,356163775,48974114,50781320,45637021,53368834,59079178,98323306,14740,0,828,2349,3652,4424,3487,16254.0,18.01,-0.3207720022877731
2025,도봉구,243971260,36987029,29483670,31649511,36164452,39893887,69792714,20112,0,1965,3933,5127,5513,3574,12549.0,19.95,0.0369391260521526
2025,노원구,366179762,66043412,51275910,44543082,54620142,58069370,91627841,28109,0,3196,5475,6902,7505,5031,19776.0,25.35,-0.4162675232163036
2025,은평구,380913348,61344651,48430990,57274861,62000383,59466683,92395785,31146,0,3217,6600,8085,7917,5327,20268.0,20.13,-0.2613800981045125
2025,서대문구,382558291,51798318,73153319,63640293,64523138,56907032,72536194,35863,0,4147,7781,8857,10241,4837,18996.0,19.36,-0.2163625725489284
2025,마포구,447785849,63742764,89907132,85540655,77130557,59283343,72181399,120344,13,23065,33103,29655,22007,12501,42499.0,15.4,2.2629205435012367
2025,양천구,302396057,65185257,33164646,40256800,51019843,45738273,67031242,85678,95,13210,21514,21362,18641,10856,17299.0,23.0,-1.0541515320560997
2025,강서구,452927110,73751830,61009619,81681054,76880241,62131030,97473339,73335,0,9440,17130,18196,17774,10795,31334.0,23.5,0.1303708525468147
2025,구로구,316343790,45842112,38886376,52491107,53673205,51242701,74208285,122194,196,20681,35508,30908,22067,12834,21587.0,22.81,0.547771005993274
2025,금천구,140596374,16386921,20006576,25530838,22621744,22991692,33058609,131583,305,23298,37390,31562,21640,17388,16376.0,24.19,4.07864240847979
2025,영등포구,427077129,50968977,63882926,84510035,73880167,65241807,88593219,400232,581,70285,131895,105307,65868,26296,33919.0,19.26,-2.8042770090843523
2025,동작구,321228711,46981037,60537523,53389256,48270286,44478661,67571949,45111,12,7059,11338,10748,9848,6106,17556.0,22.61,-2.4572107912270047
2025,관악구,501010288,51666321,118857454,99394433,71835588,63720738,95535758,41999,0,5925,10647,10425,9419,5583,24836.0,20.14,-3.648123339280004
2025,서초구,387122321,66845876,53184368,68019050,76046776,57312743,65713513,434315,579,77630,122260,110191,90726,32929,30937.0,20.87,-2.484920152759648
2025,강남구,575558371,96757663,86811852,112065278,118539864,79116052,82267665,1079924,2069,214872,329426,275198,180204,78155,56013.0,18.56,-0.4483619796044523
2025,송파구,471569165,80841781,59815140,81074234,80647390,68845113,100345506,409883,455,59879,104946,109223,92010,43370,37729.0,22.35,0.0486517937116414
2025,강동구,425010545,71543745,49204358,65899786,71270540,63593028,103499089,51554,0,6394,11106,12040,12175,9839,23255.0,22.16,0.1904809291596727
