기준년도,자치구명,총_유동인구_수,연령대_10_유동인구_수,연령대_20_유동인구_수,연령대_30_유동인구_수,연령대_40_유동인구_수,연령대_50_유동인구_수,연령대_60_이상_유동인구_수
2020,종로구,269448773,27795541,47778447,43352079,45191946,43972157,61358604
2020,중구,237541555,18094522,38562734,47087623,43270859,39198095,51327720
2020,용산구,270388358,32635562,43235424,53080308,46913789,37655020,56868255
2020,성동구,312557080,44252802,51276012,55616126,49779633,45246523,66385982
2020,광진구,388269890,57166834,72263563,64778173,58802233,56157993,79101093
2020,동대문구,437308938,58156913,80319959,63509993,63176717,62510263,109635097
2020,중랑구,420499024,60836929,56260078,63058117,62036512,69822492,108484900
2020,성북구,499930302,86005128,82087180,68734166,75357996,70375519,117370310
2020,강북구,415608298,58633307,57027862,53198437,61692083,65642552,119414064
2020,도봉구,273780371,42012173,34257406,36010357,40151648,43768189,77580593
2020,노원구,430769228,80792628,60578407,51259160,65191461,65754338,107193232
2020,은평구,419287391,69541106,54199431,62395963,65837301,61902179,105411410
2020,서대문구,376779915,52811334,68691743,61145983,60183220,53342366,80605272
2020,마포구,476460629,65811393,93974097,91421488,79694033,60203440,85356179
2020,양천구,335425540,69356124,40201777,46179462,55407285,50084867,74196022
2020,강서구,481417568,78139907,67072149,85904438,75542642,65700339,109058095
2020,구로구,325346298,47470775,42505191,53855948,54437994,49852771,77223620
2020,금천구,157348516,18893334,22767818,27200578,24668026,25924532,37894224
2020,영등포구,432976761,53492798,65697524,80981246,71613656,66584871,94606665
2020,동작구,366090064,52802944,67054178,60406892,53298091,48817429,83710529
2020,관악구,546766748,60861340,126592994,101367956,76568179,67292429,114083852
2020,서초구,403552320,62736560,59280119,73781247,74754280,55368874,77631235
2020,강남구,583759676,85209576,100268982,121334653,111184637,72733173,93028654
2020,송파구,517546333,87012080,69676342,88915830,83774475,76713396,111454212
2020,강동구,452819298,76657393,55600976,69769888,71874743,69045929,109870375
2021,종로구,261640534,27517864,45971987,41627856,43608136,43476767,59437922
2021,중구,227925477,17881815,37175827,45560932,41680826,37694282,47931796
2021,용산구,262462178,31291581,41315697,52602673,45803034,37342046,54107146
2021,성동구,304550750,41940791,50714838,55014104,49423324,44546816,62910878
2021,광진구,373714987,54235152,69823945,63114453,57287831,54643009,74610598
2021,동대문구,420812272,55523985,78311593,61910041,61218627,60596263,103251763
2021,중랑구,411417120,57676362,55303185,62648648,61145031,68557715,106086180
2021,성북구,482183382,83301072,79070026,66851811,73251396,69026837,110682243
2021,강북구,401909375,56008367,54553256,51404580,60078971,64515995,115348205
2021,도봉구,269012447,41759124,33251619,34973432,39534452,43216279,76277539
2021,노원구,412795380,77139267,56132275,49432321,62361022,63793405,103937094
2021,은평구,409376606,66757494,52839433,61692055,64972866,61249537,101865220
2021,서대문구,371535697,53145930,65807955,61541183,60343131,53519973,77177524
2021,마포구,459153971,62988768,88892919,89587938,78627035,59052880,80004431
2021,양천구,324561212,68480710,38141014,44692088,54056176,48470403,70720820
2021,강서구,469789514,75624038,65152536,84556528,75469622,63697612,105289175
2021,구로구,317721890,45353172,40801787,52644125,53528621,49768716,75625470
2021,금천구,155088584,17496175,23075339,27382389,24631936,25787351,36715392
2021,영등포구,432000183,52832648,64453043,83695458,72087571,66921063,92010403
2021,동작구,345774220,50116667,60741876,58004166,51910023,46846047,78155437
2021,관악구,529345174,57725465,120980263,99612651,75547277,66314779,109164740
2021,서초구,395315632,64184135,55892983,71776190,75461667,55208439,72792222
2021,강남구,564386284,86319137,92890100,115931174,110407894,72296433,86541549
2021,송파구,505754516,85776713,67256365,87700350,83394174,74645148,106981764
2021,강동구,443510525,74309564,54322114,69402119,71512557,67359881,106604289
2022,종로구,272689230,29686391,50831921,42740468,44247667,44529504,60653278
2022,중구,235948616,19597424,39996719,47061287,42970166,38424089,47898931
2022,용산구,260199989,31916161,41801500,52413842,45169586,36856257,52042643
2022,성동구,299693827,40880455,51976414,54126881,48441931,43416436,60851713
2022,광진구,373943993,54529539,72146490,62864441,56909926,54014364,73479237
2022,동대문구,424842611,55934386,85699326,61691775,61168843,59948245,100400033
2022,중랑구,399315778,54935204,52989836,61518894,59759934,66764236,103347669
2022,성북구,477784315,83442699,81709125,66072786,71883115,68955008,105721583
2022,강북구,392047922,55047509,54146823,49979694,58523092,63613698,110737108
2022,도봉구,262991100,41411074,31692780,34245493,38600051,42468520,74573183
2022,노원구,392969150,73318263,53533674,47301858,58728296,60887740,99199315
2022,은평구,404062174,66078846,51804276,60668584,64449801,61041420,100019247
2022,서대문구,377060197,54738282,69973324,61637185,61094373,53883368,75733665
2022,마포구,461266102,63665518,93188894,89899878,78278234,58634710,77598869
2022,양천구,314496345,66257531,36151532,43623096,52853025,47250856,68360303
2022,강서구,458311729,73272404,63441990,83812116,75102283,61414255,101268686
2022,구로구,315829888,44618577,39750854,52918606,53565024,50461932,74514899
2022,금천구,153061425,17141193,22829715,27466529,24293420,25604320,35726245
2022,영등포구,437750450,53473754,64964256,85388650,73932328,68118405,91873058
2022,동작구,343149881,51106867,62149566,57184237,51532191,46173740,75003283
2022,관악구,525599606,56619832,122879646,99524238,74963155,65993444,105619292
2022,서초구,394008432,65811653,55859153,71161604,75607772,55224730,70343522
2022,강남구,574119915,90481101,94691606,117460751,113004647,74006536,84475274
2022,송파구,499095319,85898409,64681311,87006507,83041844,73274670,105192580
2022,강동구,435543336,72981797,52163077,67751865,70706237,66031670,105908689
2023,종로구,272436494,29528380,51913155,43368857,43806909,44659274,59159920
2023,중구,239052730,19960674,40341498,48320558,43556575,38844410,48029014
2023,용산구,254500974,30700316,40578841,51492506,44874375,36523499,50331434
2023,성동구,294579622,39139332,52207046,53447463,48188761,42800099,58796927
2023,광진구,369607571,54841845,71702235,62122695,56089707,52590030,72261056
2023,동대문구,424754033,55943193,89352804,60875600,61923866,59559268,97099299
2023,중랑구,389600260,54280184,51340092,60675921,58591448,64709343,100003275
2023,성북구,479406889,84278163,83543439,65228574,71706767,70052885,104597061
2023,강북구,383042931,54473584,53883791,49107454,56900999,62426072,106251031
2023,도봉구,254734419,40130394,30483633,32977431,37415454,41507059,72220446
2023,노원구,383070443,70145004,52933509,46243661,57276223,59946989,96525055
2023,은평구,396012468,63659519,50998434,59537384,64231388,60717474,96868269
2023,서대문구,378980450,53370771,72114703,62465321,62490086,54067908,74471660
2023,마포구,463013119,63433867,94597473,90444207,78763479,59338545,76435549
2023,양천구,309438362,65772445,34568855,42409600,52160825,46680795,67845840
2023,강서구,455000174,72862948,62257530,83048765,75583677,61373508,99873744
2023,구로구,318007944,44831390,39425487,53574635,54124097,51135214,74917116
2023,금천구,148430814,16598657,21409532,26946839,23872254,24861499,34742033
2023,영등포구,437013613,52825786,64756040,85330084,74718627,67819143,91563935
2023,동작구,333836816,50261053,61740159,54983487,50218244,44919869,71713999
2023,관악구,516347566,56410149,122277663,98742834,73361098,64832667,100723159
2023,서초구,389202667,65310069,54840353,70255604,75265949,55340161,68190533
2023,강남구,578209971,93111741,93666957,117369639,115015067,75732260,83314305
2023,송파구,486901667,83747878,62633159,83772468,81742698,71669931,103335528
2023,강동구,429107241,72852013,50511858,66207564,70501690,64548872,104485246
