자치구별(1),자치구별(2),시점,소계,20세미만,20~24세,25~29세,30~34세,35~39세,40~44세,45~49세,50~54세,55~59세,60~64세,65~69세,70~74세,75~79세,80~84세,85세이상
합계,종로구,2019,24671,507,3280,3903,2647,1872,1405,1704,1521,1718,1572,1201,1120,1047,704,470
합계,종로구,2020,25983,398,3331,4111,2923,1981,1516,1743,1612,1744,1727,1337,1156,1108,749,547
합계,종로구,2021,27308,328,3211,4588,3205,2015,1690,1620,1783,1757,1864,1546,1160,1133,811,597
합계,종로구,2022,28424,503,3318,4913,3366,2081,1762,1547,1807,1708,1918,1611,1178,1129,916,667
합계,종로구,2023,29334,547,3470,4920,3605,2086,1765,1510,1826,1710,1995,1731,1264,1159,1016,730
합계,종로구,2024,29779,475,3336,5017,3871,2183,1801,1495,1815,1765,1903,1829,1303,1172,1006,808
합계,중구,2019,22078,489,2251,3054,2561,1920,1462,1554,1467,1534,1567,1180,1031,896,652,460
합계,중구,2020,22818,435,2250,3232,2698,1975,1466,1527,1541,1539,1629,1372,1119,897,687,451
합계,중구,2021,24544,268,2232,3792,3081,2187,1607,1486,1609,1540,1728,1567,1168,962,762,555
합계,중구,2022,25247,351,1931,3782,3555,2138,1726,1429,1679,1492,1716,1696,1266,991,844,651
합계,중구,2023,28293,547,2651,4156,4094,2361,1941,1514,1742,1538,1826,1817,1356,1104,917,729
합계,중구,2024,28968,458,2503,4151,4430,2617,2011,1557,1689,1586,1779,1940,1385,1136,942,784
합계,용산구,2019,35148,252,2636,5349,4985,3959,2701,2729,2158,2104,2112,1596,1460,1321,1075,711
합계,용산구,2020,36881,457,2663,5646,5550,4110,2903,2629,2245,2129,2154,1723,1450,1334,1106,782
합계,용산구,2021,39270,140,2620,6396,6225,4436,3106,2624,2451,2166,2364,1925,1466,1335,1117,899
합계,용산구,2022,41437,349,2641,6627,7040,4576,3321,2587,2604,2081,2389,2099,1532,1378,1189,1024
합계,용산구,2023,42482,315,2803,6502,7385,4543,3417,2543,2646,2219,2442,2267,1626,1481,1175,1118
합계,용산구,2024,40445,169,2493,5889,7445,4485,3252,2369,2512,2157,2233,2172,1592,1405,1145,1127
합계,성동구,2019,41488,587,4709,6878,4907,3655,2752,2990,2670,2715,2713,1942,1715,1557,1082,616
합계,성동구,2020,42585,753,4850,7052,5008,3709,2790,2864,2707,2641,2850,2170,1748,1600,1167,676
합계,성동구,2021,44946,534,4719,7909,5542,3828,3011,2773,2822,2721,3078,2464,1854,1666,1252,773
합계,성동구,2022,46548,665,5046,8071,5964,3702,3139,2692,2881,2675,3102,2657,1963,1722,1398,871
합계,성동구,2023,48111,593,5223,8440,6457,3786,3143,2537,2885,2662,3159,2862,2039,1802,1503,1020
합계,성동구,2024,48442,627,5025,8224,6857,3892,3078,2457,2804,2752,3079,2976,2148,1871,1508,1144
합계,광진구,2019,58714,576,6710,11939,8398,5649,3767,3711,3423,3544,3392,2286,1959,1621,1060,679
합계,광진구,2020,62301,562,7283,13249,8991,5692,3968,3600,3534,3576,3646,2650,2080,1688,1084,698
합계,광진구,2021,66140,465,7334,14420,9932,5870,4257,3554,3738,3608,3969,3023,2184,1764,1216,806
합계,광진구,2022,69391,475,7516,14986,11085,6030,4429,3563,3827,3618,4016,3300,2308,1831,1412,995
합계,광진구,2023,71959,630,7959,15408,11894,6138,4604,3396,3815,3638,4062,3478,2376,1933,1515,1113
합계,광진구,2024,72933,558,7807,15448,12304,6327,4598,3371,3728,3644,4000,3813,2498,2030,1572,1235
합계,동대문구,2019,58152,1543,10659,9771,5351,3895,3031,3289,3119,3442,3618,2921,2674,2412,1539,888
합계,동대문구,2020,60925,1527,10567,10639,6001,4058,3222,3316,3199,3417,3907,3209,2812,2425,1630,996
합계,동대문구,2021,65290,1198,11264,12124,6772,4190,3456,3274,3438,3385,4191,3641,2941,2473,1827,1116
합계,동대문구,2022,68169,1368,11456,12564,7476,4360,3574,3224,3595,3390,4252,3996,3013,2549,2088,1264
합계,동대문구,2023,70959,1344,11882,13118,7968,4413,3576,3244,3645,3478,4344,4316,3228,2707,2231,1465
합계,동대문구,2024,72355,1261,11679,13451,8478,4571,3638,3144,3570,3592,4338,4479,3308,2884,2327,1635
합계,중랑구,2019,52196,201,2044,5604,5126,4408,3431,4246,4645,5400,5214,3687,3098,2544,1591,957
합계,중랑구,2020,56605,206,2361,6577,5840,4551,3734,4170,4738,5514,5634,4398,3362,2713,1717,1090
합계,중랑구,2021,60487,169,2565,7240,6465,4753,4021,4058,4917,5535,6209,5001,3578,2846,1933,1197
합계,중랑구,2022,64334,213,2886,7977,7353,4840,4261,3928,5020,5522,6422,5417,3820,3027,2305,1343
합계,중랑구,2023,66906,209,2949,8221,7837,4814,4430,3774,5039,5604,6706,6082,4066,3174,2471,1530
합계,중랑구,2024,69149,227,2875,8325,8438,5116,4375,3755,4844,5653,6738,6616,4371,3462,2580,1774
합계,성북구,2019,57832,1355,10608,9391,5161,3810,2938,3513,3125,3397,3598,2773,2779,2486,1772,1126
합계,성북구,2020,61510,1931,11271,9696,5663,3971,3167,3410,3379,3335,3916,3160,2882,2574,1898,1257
합계,성북구,2021,64985,1396,11312,10754,6373,4307,3443,3439,3601,3296,4209,3589,2990,2685,2101,1490
합계,성북구,2022,67222,1788,11336,10797,6777,4223,3579,3305,3816,3406,4304,3926,3087,2803,2404,1671
합계,성북구,2023,69148,1618,11810,10815,7044,4311,3671,3148,3920,3581,4364,4314,3258,2942,2508,1844
합계,성북구,2024,70230,1457,12035,10820,7041,4380,3705,3076,3837,3669,4383,4617,3373,3205,2612,2020
합계,강북구,2019,42791,295,2816,4321,3369,3028,2572,3303,3395,3864,4197,3337,3075,2707,1649,863
합계,강북구,2020,45685,288,3037,4894,3695,3016,2788,3276,3479,3999,4509,3754,3274,2910,1778,988
합계,강북구,2021,48428,250,3151,5326,4084,3099,2882,3149,3755,3952,4920,4172,3552,2974,2024,1138
합계,강북구,2022,51134,326,3514,5670,4467,3164,3049,3019,3957,4017,4992,4476,3715,3043,2389,1336
합계,강북구,2023,52659,369,3699,5794,4658,3099,3036,2882,3982,4026,5033,4839,3777,3220,2684,1561
합계,강북구,2024,53705,359,3700,5586,4788,3144,3020,2847,3881,4173,5016,5185,3924,3521,2788,1773
합계,도봉구,2019,32653,159,1509,2452,2299,2371,2070,2713,2663,3102,3457,2595,2395,2231,1607,1030
합계,도봉구,2020,34884,196,1612,2816,2536,2427,2217,2632,2814,3193,3735,2957,2604,2273,1748,1124
합계,도봉구,2021,37853,151,1671,3288,3056,2547,2409,2637,3017,3207,4040,3472,2768,2328,1934,1328
합계,도봉구,2022,39744,191,1636,3452,3431,2557,2472,2633,3182,3226,4130,3888,2897,2390,2179,1480
합계,도봉구,2023,41525,171,1619,3458,3713,2582,2653,2465,3266,3344,4253,4361,3000,2640,2338,1662
합계,도봉구,2024,43347,163,1714,3556,3919,2726,2620,2420,3339,3507,4228,4709,3250,2850,2446,1900
합계,노원구,2019,53365,724,5509,4848,3449,3391,2985,3656,3507,4065,4932,4195,4048,3753,2608,1695
합계,노원구,2020,56438,590,5554,5204,3900,3530,3164,3700,3764,4025,5269,4757,4359,3924,2779,1919
합계,노원구,2021,60647,644,5683,5680,4716,3803,3421,3613,3983,4190,5615,5444,4531,4027,3186,2111
합계,노원구,2022,63022,806,5846,5659,5066,3745,3562,3572,4096,4159,5791,5772,4770,4180,3574,2424
합계,노원구,2023,65275,710,6036,5739,5177,3721,3712,3414,4369,4217,5778,6322,5028,4516,3742,2794
합계,노원구,2024,67182,748,6086,5727,5289,3904,3679,3419,4402,4449,5671,6676,5311,4822,3926,3073
합계,은평구,2019,52814,251,2539,6610,5708,4901,3679,4184,3602,4112,4555,3532,3280,2880,1904,1077
합계,은평구,2020,57853,235,2967,7707,6490,5182,3982,4294,3853,4116,5007,3999,3615,3054,2126,1226
합계,은평구,2021,62447,190,3117,8772,7300,5363,4294,4228,4239,4198,5353,4579,3767,3256,2353,1438
합계,은평구,2022,65769,231,3179,9245,8161,5273,4595,4174,4538,4153,5528,4995,3933,3413,2713,1638
합계,은평구,2023,68850,226,3214,9617,8852,5450,4821,3998,4752,4308,5479,5495,4184,3614,2957,1883
합계,은평구,2024,70568,199,3106,9609,9371,5444,4780,3903,4781,4479,5481,5895,4386,3886,3093,2155
합계,서대문구,2019,46449,744,8292,8485,4713,3337,2480,2673,2282,2444,2661,2104,2015,1923,1475,821
합계,서대문구,2020,49863,988,8945,8982,5420,3587,2629,2682,2465,2522,2744,2323,2138,1954,1539,945
합계,서대문구,2021,52792,857,8953,9992,5910,3773,2823,2661,2755,2542,2914,2642,2195,2017,1691,1067
합계,서대문구,2022,54288,857,8651,10155,6389,3814,2999,2640,2912,2560,3039,2800,2225,2124,1871,1252
합계,서대문구,2023,56170,684,9158,10344,6825,3900,3121,2552,2966,2557,3105,3045,2300,2253,1954,1406
합계,서대문구,2024,56770,646,8928,10386,6990,3952,3137,2519,2995,2667,3044,3247,2371,2325,1977,1586
합계,마포구,2019,59248,554,6608,12239,9331,6562,4275,3934,2794,2502,2501,1971,2013,1861,1302,801
합계,마포구,2020,63172,663,6993,13204,10088,6872,4516,4053,2967,2576,2671,2199,2099,1922,1416,933
합계,마포구,2021,67162,485,7144,14365,11063,7085,4835,4016,3286,2652,2923,2547,2212,2002,1488,1059
합계,마포구,2022,70030,609,7224,14806,11922,7179,5116,4075,3544,2723,2928,2663,2298,2035,1687,1221
합계,마포구,2023,72112,613,7316,14809,12645,7247,5309,4000,3788,2838,2974,2872,2333,2163,1823,1382
합계,마포구,2024,73327,586,7078,14822,13126,7410,5429,3951,3883,2952,2989,3070,2310,2290,1908,1523
합계,양천구,2019,36345,142,1182,3314,3489,3174,2653,2929,2797,3252,3668,2865,2472,1971,1447,990
합계,양천구,2020,39436,144,1250,4031,3987,3344,2695,2967,2853,3346,3972,3382,2698,2109,1587,1071
합계,양천구,2021,42973,131,1399,4537,4725,3528,2961,2880,3102,3363,4305,3859,3013,2258,1689,1223
합계,양천구,2022,45502,145,1435,4819,5233,3591,3111,2903,3225,3417,4412,4197,3304,2440,1896,1374
합계,양천구,2023,47106,128,1328,4800,5396,3588,3216,2829,3336,3464,4574,4647,3474,2712,2078,1536
합계,양천구,2024,47886,122,1205,4692,5601,3600,3204,2785,3317,3480,4441,4883,3759,2950,2135,1712
합계,강서구,2019,79371,325,4108,13600,11648,8271,5633,5369,4560,5115,5906,4447,3815,2984,2097,1493
합계,강서구,2020,86172,336,4442,15643,13177,8898,5919,5333,4775,5080,6275,5142,4101,3138,2226,1687
합계,강서구,2021,94436,252,4754,17660,15371,9413,6507,5508,5121,5118,6609,6023,4356,3357,2528,1859
합계,강서구,2022,100695,255,4867,18823,17283,9817,6981,5654,5351,5133,6771,6500,4751,3608,2765,2136
합계,강서구,2023,104509,225,4736,18744,18347,10012,7425,5604,5691,5255,6769,7269,5072,4040,3002,2318
합계,강서구,2024,106748,228,4548,18337,18893,10420,7433,5625,5763,5476,6639,7672,5554,4430,3180,2550
합계,구로구,2019,47740,232,2609,7184,5957,4424,3317,3687,3283,3553,3699,2833,2616,2066,1466,814
합계,구로구,2020,50971,232,2675,7671,6607,4631,3457,3812,3447,3668,3952,3271,2785,2187,1610,966
합계,구로구,2021,54980,184,2874,8488,7517,4837,3657,3748,3675,3765,4265,3728,2989,2373,1752,1128
합계,구로구,2022,58977,211,3107,9425,8557,5001,3999,3648,3796,3699,4382,4087,3175,2547,2036,1307
합계,구로구,2023,61318,207,3046,9614,9076,5175,4082,3461,3969,3826,4514,4524,3386,2798,2181,1459
합계,구로구,2024,62632,226,2723,9545,9316,5463,4154,3436,4020,3874,4523,4765,3622,3082,2254,1629
합계,금천구,2019,37778,138,1881,6120,4790,3370,2326,2887,2966,3339,3048,2186,1762,1531,923,511
합계,금천구,2020,42334,139,2288,7518,5718,3615,2607,2842,3178,3427,3383,2470,1957,1565,1006,621
합계,금천구,2021,46827,116,2512,8913,6729,3975,2859,2805,3281,3545,3713,2824,2106,1598,1160,691
합계,금천구,2022,50528,112,2651,9872,7843,4226,3095,2659,3391,3517,3968,3063,2232,1748,1363,788
합계,금천구,2023,52033,116,2489,10154,8573,4271,3308,2604,3289,3398,4001,3329,2320,1836,1449,896
합계,금천구,2024,53858,128,2448,10350,9171,4525,3255,2526,3221,3524,4010,3668,2486,1989,1532,1025
합계,영등포구,2019,58214,251,3277,11754,9638,5907,3781,3938,3298,3604,3507,2634,2352,2014,1378,881
합계,영등포구,2020,64000,189,3622,13418,11074,6350,4144,4066,3583,3674,3844,2955,2513,2048,1497,1023
합계,영등포구,2021,69806,165,3933,14988,12489,7036,4535,4025,3922,3751,4117,3381,2672,2103,1566,1123
합계,영등포구,2022,73962,195,4330,15798,13937,7277,4850,3993,4145,3608,4127,3611,2795,2175,1809,1312
합계,영등포구,2023,77895,184,4239,16830,15116,7597,5185,3891,4248,3779,4217,4009,2897,2357,1940,1406
합계,영등포구,2024,79698,156,3963,16801,16083,8053,5197,3855,4235,3828,4189,4149,3033,2597,2012,1547
합계,동작구,2019,60088,891,7837,13256,8329,5228,3396,3325,2775,2804,3060,2575,2396,1983,1383,850
합계,동작구,2020,64101,1261,8592,14153,9131,5246,3606,3322,2849,2774,3244,2813,2585,2055,1488,982
합계,동작구,2021,68231,943,8871,15186,10241,5462,3893,3363,3090,2873,3501,3160,2714,2194,1643,1097
합계,동작구,2022,71782,1074,9208,16126,10946,5630,4088,3406,3246,2903,3556,3401,2827,2320,1803,1248
합계,동작구,2023,74443,963,9521,16777,11533,5867,4198,3362,3320,2957,3653,3576,2867,2521,1914,1414
합계,동작구,2024,75148,856,8991,16673,12110,6090,4252,3355,3338,3082,3447,3770,2958,2641,2005,1580
합계,관악구,2019,119863,1023,14851,33127,19915,10984,6510,6184,4995,4930,4844,3683,3388,2763,1719,947
합계,관악구,2020,129233,1121,15893,36331,21802,11342,7063,6273,5345,5066,5321,4163,3553,2914,1946,1100
합계,관악구,2021,136255,734,15635,38989,23541,11571,7690,6311,5742,5231,5772,4780,3783,3095,2143,1238
합계,관악구,2022,145433,987,16553,41927,26092,11867,8195,6308,6140,5222,5850,5185,3999,3261,2429,1418
합계,관악구,2023,150745,1100,16292,42852,28129,12194,8570,6256,6287,5396,6066,5691,4184,3489,2654,1585
합계,관악구,2024,153605,1002,16175,41982,29730,12777,8653,6308,6379,5711,6026,6002,4476,3762,2780,1842
합계,서초구,2019,42667,521,2550,6448,6800,5479,3621,3590,2593,2336,2452,1858,1640,1275,829,675
합계,서초구,2020,43942,600,2884,6560,7187,5366,3703,3377,2697,2237,2440,2125,1800,1342,903,721
합계,서초구,2021,45933,297,2678,6870,7735,5463,4111,3412,2951,2329,2556,2428,1850,1464,1001,788
합계,서초구,2022,46745,278,2287,6924,7985,5412,4304,3387,3224,2311,2619,2524,1955,1561,1111,863
합계,서초구,2023,48756,261,2370,7255,8339,5612,4430,3345,3338,2481,2599,2732,2096,1723,1213,962
합계,서초구,2024,49443,210,2087,7218,8661,5677,4464,3374,3325,2580,2538,2819,2203,1938,1280,1069
합계,강남구,2019,66073,607,3362,10619,11474,9386,5964,5095,3551,3139,3386,2805,2470,1863,1255,1097
합계,강남구,2020,68999,498,3590,11221,12034,9433,6373,5181,3700,3152,3482,3061,2697,2061,1343,1173
합계,강남구,2021,71986,397,3559,11227,12407,9231,6990,5206,4370,3275,3731,3585,2872,2326,1509,1301
합계,강남구,2022,73579,465,3521,11277,12660,9044,7314,5242,4567,3361,3686,3781,3054,2455,1741,1411
합계,강남구,2023,76809,342,3329,11875,13605,9086,7670,5360,4819,3497,3767,4047,3209,2727,1877,1599
합계,강남구,2024,79274,344,3128,11788,14217,9359,7831,5588,4862,3763,3778,4336,3520,2985,2074,1701
합계,송파구,2019,68861,282,2906,10754,11025,8596,5673,5306,4144,4384,4663,3448,2962,2182,1434,1102
합계,송파구,2020,73694,284,3099,11972,11929,8942,6143,5334,4388,4341,4938,3994,3273,2295,1553,1209
합계,송파구,2021,79262,243,3250,13028,13086,9127,6677,5424,4876,4377,5367,4633,3519,2591,1752,1312
합계,송파구,2022,82473,273,3081,13102,14249,9143,7087,5401,5149,4428,5397,5037,3784,2854,2005,1483
합계,송파구,2023,87140,266,3122,13816,15541,9400,7443,5389,5403,4579,5576,5578,4026,3143,2214,1644
합계,송파구,2024,89720,244,2913,13955,16673,9846,7497,5363,5480,4659,5444,5828,4200,3416,2377,1825
합계,강동구,2019,45188,157,1859,5687,5270,4403,3306,3631,3332,3886,4134,3042,2500,1876,1276,829
합계,강동구,2020,50316,152,1971,6990,6124,4657,3746,3783,3592,3885,4585,3663,2809,2019,1385,955
합계,강동구,2021,56905,150,2392,8539,7152,5043,4158,3826,3889,4124,5100,4481,3162,2234,1582,1073
합계,강동구,2022,59752,145,2366,8926,7961,4904,4385,3743,4139,4079,5283,4879,3446,2439,1850,1207
합계,강동구,2023,62943,140,2279,9368,8721,5015,4472,3705,4267,4208,5455,5497,3746,2764,1959,1347
합계,강동구,2024,65601,145,2297,9511,9378,5413,4532,3798,4322,4193,5408,5839,4121,3079,2050,1515