연도,분기,자치구,전체_점포수,프랜차이즈_점포수,프랜차이즈_비율(%)
2019,1분기,강남구,12603,2497,19.81
2019,1분기,강동구,5213,1021,19.59
2019,1분기,강북구,3845,653,16.98
2019,1분기,강서구,6335,1492,23.55
2019,1분기,관악구,5551,1075,19.37
2019,1분기,광진구,5064,1014,20.02
2019,1분기,구로구,4982,1044,20.96
2019,1분기,금천구,3465,756,21.82
2019,1분기,노원구,4532,1083,23.9
2019,1분기,도봉구,2980,524,17.58
2019,1분기,동대문구,4840,836,17.27
2019,1분기,동작구,4154,930,22.39
2019,1분기,마포구,9253,1484,16.04
2019,1분기,서대문구,4453,835,18.75
2019,1분기,서초구,7325,1495,20.41
2019,1분기,성동구,4105,811,19.76
2019,1분기,성북구,4649,913,19.64
2019,1분기,송파구,8084,1843,22.8
2019,1분기,양천구,3952,873,22.09
2019,1분기,영등포구,7313,1364,18.65
2019,1분기,용산구,5015,700,13.96
2019,1분기,은평구,4590,854,18.61
2019,1분기,종로구,6887,1046,15.19
2019,1분기,중구,6301,1197,19.0
2019,1분기,중랑구,4195,719,17.14
2019,2분기,강남구,12758,2523,19.78
2019,2분기,강동구,5234,1031,19.7
2019,2분기,강북구,3889,659,16.95
2019,2분기,강서구,6477,1532,23.65
2019,2분기,관악구,5598,1074,19.19
2019,2분기,광진구,5117,1028,20.09
2019,2분기,구로구,4991,1055,21.14
2019,2분기,금천구,3509,774,22.06
2019,2분기,노원구,4574,1082,23.66
2019,2분기,도봉구,3002,522,17.39
2019,2분기,동대문구,4862,844,17.36
2019,2분기,동작구,4201,932,22.19
2019,2분기,마포구,9350,1489,15.93
2019,2분기,서대문구,4498,857,19.05
2019,2분기,서초구,7339,1489,20.29
2019,2분기,성동구,4163,819,19.67
2019,2분기,성북구,4710,922,19.58
2019,2분기,송파구,8199,1853,22.6
2019,2분기,양천구,3968,882,22.23
2019,2분기,영등포구,7329,1369,18.68
2019,2분기,용산구,5042,701,13.9
2019,2분기,은평구,4641,856,18.44
2019,2분기,종로구,6947,1051,15.13
2019,2분기,중구,6364,1227,19.28
2019,2분기,중랑구,4237,729,17.21
2019,3분기,강남구,12841,2526,19.67
2019,3분기,강동구,5218,1026,19.66
2019,3분기,강북구,3868,653,16.88
2019,3분기,강서구,6540,1552,23.73
2019,3분기,관악구,5659,1090,19.26
2019,3분기,광진구,5129,1042,20.32
2019,3분기,구로구,4996,1055,21.12
2019,3분기,금천구,3523,794,22.54
2019,3분기,노원구,4576,1078,23.56
2019,3분기,도봉구,3000,521,17.37
2019,3분기,동대문구,4893,845,17.27
2019,3분기,동작구,4204,951,22.62
2019,3분기,마포구,9373,1493,15.93
2019,3분기,서대문구,4524,865,19.12
2019,3분기,서초구,7341,1502,20.46
2019,3분기,성동구,4221,825,19.55
2019,3분기,성북구,4721,943,19.97
2019,3분기,송파구,8294,1887,22.75
2019,3분기,양천구,3983,889,22.32
2019,3분기,영등포구,7340,1390,18.94
2019,3분기,용산구,5062,712,14.07
2019,3분기,은평구,4634,860,18.56
2019,3분기,종로구,6945,1053,15.16
2019,3분기,중구,6417,1238,19.29
2019,3분기,중랑구,4235,729,17.21
2019,4분기,강남구,12982,2555,19.68
2019,4분기,강동구,5286,1053,19.92
2019,4분기,강북구,3926,660,16.81
2019,4분기,강서구,6654,1589,23.88
2019,4분기,관악구,5728,1110,19.38
2019,4분기,광진구,5177,1044,20.17
2019,4분기,구로구,4978,1047,21.03
2019,4분기,금천구,3600,823,22.86
2019,4분기,노원구,4641,1107,23.85
2019,4분기,도봉구,3029,542,17.89
2019,4분기,동대문구,4936,856,17.34
2019,4분기,동작구,4225,956,22.63
2019,4분기,마포구,9475,1503,15.86
2019,4분기,서대문구,4555,868,19.06
2019,4분기,서초구,7417,1523,20.53
2019,4분기,성동구,4298,861,20.03
2019,4분기,성북구,4719,945,20.03
2019,4분기,송파구,8401,1906,22.69
2019,4분기,양천구,4017,903,22.48
2019,4분기,영등포구,7439,1408,18.93
2019,4분기,용산구,5118,717,14.01
2019,4분기,은평구,4683,871,18.6
2019,4분기,종로구,6981,1066,15.27
2019,4분기,중구,6484,1268,19.56
2019,4분기,중랑구,4272,744,17.42
2020,1분기,강남구,12942,2571,19.87
2020,1분기,강동구,5311,1066,20.07
2020,1분기,강북구,3945,677,17.16
2020,1분기,강서구,6677,1614,24.17
2020,1분기,관악구,5747,1123,19.54
2020,1분기,광진구,5230,1062,20.31
2020,1분기,구로구,4996,1069,21.4
2020,1분기,금천구,3596,833,23.16
2020,1분기,노원구,4657,1112,23.88
2020,1분기,도봉구,3020,540,17.88
2020,1분기,동대문구,4949,867,17.52
2020,1분기,동작구,4261,970,22.76
2020,1분기,마포구,9507,1529,16.08
2020,1분기,서대문구,4528,869,19.19
2020,1분기,서초구,7433,1539,20.7
2020,1분기,성동구,4365,867,19.86
2020,1분기,성북구,4721,960,20.33
2020,1분기,송파구,8492,1940,22.85
2020,1분기,양천구,4038,912,22.59
2020,1분기,영등포구,7466,1434,19.21
2020,1분기,용산구,5123,721,14.07
2020,1분기,은평구,4737,895,18.89
2020,1분기,종로구,6976,1070,15.34
2020,1분기,중구,6511,1293,19.86
2020,1분기,중랑구,4281,742,17.33
2020,2분기,강남구,13102,2597,19.82
2020,2분기,강동구,5408,1092,20.19
2020,2분기,강북구,4016,677,16.86
2020,2분기,강서구,6809,1644,24.14
2020,2분기,관악구,5828,1130,19.39
2020,2분기,광진구,5321,1091,20.5
2020,2분기,구로구,5084,1089,21.42
2020,2분기,금천구,3628,847,23.35
2020,2분기,노원구,4722,1134,24.02
2020,2분기,도봉구,3059,543,17.75
2020,2분기,동대문구,5002,884,17.67
2020,2분기,동작구,4276,972,22.73
2020,2분기,마포구,9623,1554,16.15
2020,2분기,서대문구,4569,882,19.3
2020,2분기,서초구,7464,1548,20.74
2020,2분기,성동구,4431,873,19.7
2020,2분기,성북구,4758,972,20.43
2020,2분기,송파구,8642,1967,22.76
2020,2분기,양천구,4110,931,22.65
2020,2분기,영등포구,7551,1457,19.3
2020,2분기,용산구,5164,739,14.31
2020,2분기,은평구,4809,911,18.94
2020,2분기,종로구,6966,1069,15.35
2020,2분기,중구,6563,1291,19.67
2020,2분기,중랑구,4345,757,17.42
2020,3분기,강남구,13313,2623,19.7
2020,3분기,강동구,5509,1132,20.55
2020,3분기,강북구,4038,689,17.06
2020,3분기,강서구,6946,1656,23.84
2020,3분기,관악구,5942,1160,19.52
2020,3분기,광진구,5359,1105,20.62
2020,3분기,구로구,5197,1128,21.7
2020,3분기,금천구,3676,852,23.18
2020,3분기,노원구,4774,1155,24.19
2020,3분기,도봉구,3097,561,18.11
2020,3분기,동대문구,5061,893,17.64
2020,3분기,동작구,4305,983,22.83
2020,3분기,마포구,9670,1563,16.16
2020,3분기,서대문구,4615,910,19.72
2020,3분기,서초구,7511,1555,20.7
2020,3분기,성동구,4515,893,19.78
2020,3분기,성북구,4809,987,20.52
2020,3분기,송파구,8745,1988,22.73
2020,3분기,양천구,4169,969,23.24
2020,3분기,영등포구,7642,1504,19.68
2020,3분기,용산구,5184,750,14.47
2020,3분기,은평구,4896,942,19.24
2020,3분기,종로구,6969,1063,15.25
2020,3분기,중구,6518,1274,19.55
2020,3분기,중랑구,4427,794,17.94
2020,4분기,강남구,13437,2647,19.7
2020,4분기,강동구,5623,1182,21.02
2020,4분기,강북구,4082,706,17.3
2020,4분기,강서구,7125,1722,24.17
2020,4분기,관악구,6052,1185,19.58
2020,4분기,광진구,5452,1125,20.63
2020,4분기,구로구,5248,1176,22.41
2020,4분기,금천구,3717,873,23.49
2020,4분기,노원구,4835,1186,24.53
2020,4분기,도봉구,3154,565,17.91
2020,4분기,동대문구,5113,925,18.09
2020,4분기,동작구,4360,1009,23.14
2020,4분기,마포구,9764,1589,16.27
2020,4분기,서대문구,4627,925,19.99
2020,4분기,서초구,7546,1567,20.77
2020,4분기,성동구,4633,937,20.22
2020,4분기,성북구,4890,1018,20.82
2020,4분기,송파구,8870,2016,22.73
2020,4분기,양천구,4235,977,23.07
2020,4분기,영등포구,7721,1540,19.95
2020,4분기,용산구,5209,753,14.46
2020,4분기,은평구,5010,983,19.62
2020,4분기,종로구,6944,1057,15.22
2020,4분기,중구,6498,1271,19.56
2020,4분기,중랑구,4495,816,18.15
2021,1분기,강남구,13538,2668,19.71
2021,1분기,강동구,5667,1209,21.33
2021,1분기,강북구,4150,725,17.47
2021,1분기,강서구,7211,1745,24.2
2021,1분기,관악구,6121,1205,19.69
2021,1분기,광진구,5532,1144,20.68
2021,1분기,구로구,5257,1187,22.58
2021,1분기,금천구,3743,886,23.67
2021,1분기,노원구,4890,1200,24.54
2021,1분기,도봉구,3190,579,18.15
2021,1분기,동대문구,5159,935,18.12
2021,1분기,동작구,4379,1007,23.0
2021,1분기,마포구,9824,1594,16.23
2021,1분기,서대문구,4624,929,20.09
2021,1분기,서초구,7568,1599,21.13
2021,1분기,성동구,4696,949,20.21
2021,1분기,성북구,4919,1033,21.0
2021,1분기,송파구,9003,2050,22.77
2021,1분기,양천구,4289,989,23.06
2021,1분기,영등포구,7785,1556,19.99
2021,1분기,용산구,5200,748,14.38
2021,1분기,은평구,5055,1003,19.84
2021,1분기,종로구,6937,1050,15.14
2021,1분기,중구,6487,1273,19.62
2021,1분기,중랑구,4525,813,17.97
2021,2분기,강남구,13666,2657,19.44
2021,2분기,강동구,5704,1229,21.55
2021,2분기,강북구,4173,729,17.47
2021,2분기,강서구,7344,1759,23.95
2021,2분기,관악구,6179,1228,19.87
2021,2분기,광진구,5592,1155,20.65
2021,2분기,구로구,5306,1198,22.58
2021,2분기,금천구,3794,901,23.75
2021,2분기,노원구,4916,1213,24.67
2021,2분기,도봉구,3228,599,18.56
2021,2분기,동대문구,5188,947,18.25
2021,2분기,동작구,4386,1008,22.98
2021,2분기,마포구,9986,1606,16.08
2021,2분기,서대문구,4674,944,20.2
2021,2분기,서초구,7593,1608,21.18
2021,2분기,성동구,4769,956,20.05
2021,2분기,성북구,4963,1041,20.98
2021,2분기,송파구,9072,2064,22.75
2021,2분기,양천구,4320,993,22.99
2021,2분기,영등포구,7857,1584,20.16
2021,2분기,용산구,5216,751,14.4
2021,2분기,은평구,5112,1034,20.23
2021,2분기,종로구,6949,1047,15.07
2021,2분기,중구,6487,1265,19.5
2021,2분기,중랑구,4573,828,18.11
2021,3분기,강남구,13714,2662,19.41
2021,3분기,강동구,5734,1225,21.36
2021,3분기,강북구,4170,738,17.7
2021,3분기,강서구,7417,1801,24.28
2021,3분기,관악구,6191,1231,19.88
2021,3분기,광진구,5630,1168,20.75
2021,3분기,구로구,5350,1213,22.67
2021,3분기,금천구,3834,924,24.1
2021,3분기,노원구,4939,1227,24.84
2021,3분기,도봉구,3228,603,18.68
2021,3분기,동대문구,5228,966,18.48
2021,3분기,동작구,4363,1010,23.15
2021,3분기,마포구,10066,1641,16.3
2021,3분기,서대문구,4685,941,20.09
2021,3분기,서초구,7572,1617,21.35
2021,3분기,성동구,4804,964,20.07
2021,3분기,성북구,4991,1043,20.9
2021,3분기,송파구,9107,2073,22.76
2021,3분기,양천구,4353,1009,23.18
2021,3분기,영등포구,7916,1589,20.07
2021,3분기,용산구,5254,755,14.37
2021,3분기,은평구,5154,1051,20.39
2021,3분기,종로구,6924,1047,15.12
2021,3분기,중구,6484,1265,19.51
2021,3분기,중랑구,4622,848,18.35
2021,4분기,강남구,13956,2707,19.4
2021,4분기,강동구,5843,1262,21.6
2021,4분기,강북구,4228,759,17.95
2021,4분기,강서구,7570,1840,24.31
2021,4분기,관악구,6346,1286,20.26
2021,4분기,광진구,5743,1187,20.67
2021,4분기,구로구,5453,1251,22.94
2021,4분기,금천구,3975,970,24.4
2021,4분기,노원구,5034,1270,25.23
2021,4분기,도봉구,3270,620,18.96
2021,4분기,동대문구,5336,998,18.7
2021,4분기,동작구,4397,1007,22.9
2021,4분기,마포구,10281,1695,16.49
2021,4분기,서대문구,4746,966,20.35
2021,4분기,서초구,7687,1647,21.43
2021,4분기,성동구,4893,993,20.29
2021,4분기,성북구,5052,1074,21.26
2021,4분기,송파구,9280,2111,22.75
2021,4분기,양천구,4492,1066,23.73
2021,4분기,영등포구,8022,1607,20.03
2021,4분기,용산구,5329,761,14.28
2021,4분기,은평구,5276,1088,20.62
2021,4분기,종로구,6976,1050,15.05
2021,4분기,중구,6532,1273,19.49
2021,4분기,중랑구,4733,865,18.28
2022,1분기,강남구,13975,2687,19.23
2022,1분기,강동구,5885,1268,21.55
2022,1분기,강북구,4254,761,17.89
2022,1분기,강서구,7648,1865,24.39
2022,1분기,관악구,6344,1285,20.26
2022,1분기,광진구,5788,1212,20.94
2022,1분기,구로구,5498,1263,22.97
2022,1분기,금천구,4014,981,24.44
2022,1분기,노원구,5032,1265,25.14
2022,1분기,도봉구,3284,630,19.18
2022,1분기,동대문구,5360,1003,18.71
2022,1분기,동작구,4411,1011,22.92
2022,1분기,마포구,10341,1709,16.53
2022,1분기,서대문구,4781,969,20.27
2022,1분기,서초구,7696,1634,21.23
2022,1분기,성동구,4927,976,19.81
2022,1분기,성북구,5077,1084,21.35
2022,1분기,송파구,9326,2127,22.81
2022,1분기,양천구,4514,1078,23.88
2022,1분기,영등포구,8057,1619,20.09
2022,1분기,용산구,5404,764,14.14
2022,1분기,은평구,5323,1094,20.55
2022,1분기,종로구,6976,1042,14.94
2022,1분기,중구,6543,1266,19.35
2022,1분기,중랑구,4759,871,18.3
2022,2분기,강남구,14221,2750,19.34
2022,2분기,강동구,5930,1282,21.62
2022,2분기,강북구,4287,780,18.19
2022,2분기,강서구,7830,1907,24.36
2022,2분기,관악구,6412,1297,20.23
2022,2분기,광진구,5861,1219,20.8
2022,2분기,구로구,5538,1287,23.24
2022,2분기,금천구,4037,986,24.42
2022,2분기,노원구,5079,1283,25.26
2022,2분기,도봉구,3304,643,19.46
2022,2분기,동대문구,5433,1020,18.77
2022,2분기,동작구,4464,1028,23.03
2022,2분기,마포구,10530,1729,16.42
2022,2분기,서대문구,4832,973,20.14
2022,2분기,서초구,7736,1646,21.28
2022,2분기,성동구,5019,983,19.59
2022,2분기,성북구,5138,1084,21.1
2022,2분기,송파구,9481,2169,22.88
2022,2분기,양천구,4531,1085,23.95
2022,2분기,영등포구,8160,1628,19.95
2022,2분기,용산구,5499,773,14.06
2022,2분기,은평구,5354,1097,20.49
2022,2분기,종로구,7070,1050,14.85
2022,2분기,중구,6598,1270,19.25
2022,2분기,중랑구,4811,888,18.46
2022,3분기,강남구,14105,2735,19.39
2022,3분기,강동구,5839,1272,21.78
2022,3분기,강북구,4260,782,18.36
2022,3분기,강서구,7728,1888,24.43
2022,3분기,관악구,6284,1269,20.19
2022,3분기,광진구,5815,1219,20.96
2022,3분기,구로구,5462,1262,23.11
2022,3분기,금천구,4037,1008,24.97
2022,3분기,노원구,5024,1279,25.46
2022,3분기,도봉구,3254,632,19.42
2022,3분기,동대문구,5372,1024,19.06
2022,3분기,동작구,4419,1015,22.97
2022,3분기,마포구,10505,1697,16.15
2022,3분기,서대문구,4807,967,20.12
2022,3분기,서초구,7659,1624,21.2
2022,3분기,성동구,5011,979,19.54
2022,3분기,성북구,5118,1083,21.16
2022,3분기,송파구,9419,2155,22.88
2022,3분기,양천구,4487,1075,23.96
2022,3분기,영등포구,8106,1617,19.95
2022,3분기,용산구,5507,769,13.96
2022,3분기,은평구,5289,1087,20.55
2022,3분기,종로구,7071,1054,14.91
2022,3분기,중구,6577,1262,19.19
2022,3분기,중랑구,4729,883,18.67
2022,4분기,강남구,14264,2774,19.45
2022,4분기,강동구,5929,1307,22.04
2022,4분기,강북구,4324,799,18.48
2022,4분기,강서구,7919,1946,24.57
2022,4분기,관악구,6439,1316,20.44
2022,4분기,광진구,5945,1268,21.33
2022,4분기,구로구,5666,1323,23.35
2022,4분기,금천구,4117,1025,24.9
2022,4분기,노원구,5093,1306,25.64
2022,4분기,도봉구,3330,650,19.52
2022,4분기,동대문구,5504,1047,19.02
2022,4분기,동작구,4490,1018,22.67
2022,4분기,마포구,10729,1730,16.12
2022,4분기,서대문구,4871,988,20.28
2022,4분기,서초구,7776,1646,21.17
2022,4분기,성동구,5145,988,19.2
2022,4분기,성북구,5223,1111,21.27
2022,4분기,송파구,9638,2235,23.19
2022,4분기,양천구,4615,1114,24.14
2022,4분기,영등포구,8214,1645,20.03
2022,4분기,용산구,5656,796,14.07
2022,4분기,은평구,5407,1122,20.75
2022,4분기,종로구,7193,1062,14.76
2022,4분기,중구,6700,1284,19.16
2022,4분기,중랑구,4867,918,18.86
2023,1분기,강남구,14302,2768,19.35
2023,1분기,강동구,5931,1307,22.04
2023,1분기,강북구,4323,798,18.46
2023,1분기,강서구,7912,1941,24.53
2023,1분기,관악구,6424,1303,20.28
2023,1분기,광진구,5938,1269,21.37
2023,1분기,구로구,5657,1326,23.44
2023,1분기,금천구,4137,1020,24.66
2023,1분기,노원구,5096,1293,25.37
2023,1분기,도봉구,3319,643,19.37
2023,1분기,동대문구,5543,1048,18.91
2023,1분기,동작구,4471,1004,22.46
2023,1분기,마포구,10738,1717,15.99
2023,1분기,서대문구,4867,992,20.38
2023,1분기,서초구,7716,1636,21.2
2023,1분기,성동구,5182,975,18.82
2023,1분기,성북구,5241,1123,21.43
2023,1분기,송파구,9678,2225,22.99
2023,1분기,양천구,4636,1118,24.12
2023,1분기,영등포구,8274,1654,19.99
2023,1분기,용산구,5691,807,14.18
2023,1분기,은평구,5396,1121,20.77
2023,1분기,종로구,7200,1066,14.81
2023,1분기,중구,6735,1285,19.08
2023,1분기,중랑구,4890,931,19.04
2023,2분기,강남구,14380,2773,19.28
2023,2분기,강동구,5930,1301,21.94
2023,2분기,강북구,4348,811,18.65
2023,2분기,강서구,7953,1963,24.68
2023,2분기,관악구,6463,1316,20.36
2023,2분기,광진구,5919,1256,21.22
2023,2분기,구로구,5641,1334,23.65
2023,2분기,금천구,4166,1022,24.53
2023,2분기,노원구,5119,1298,25.36
2023,2분기,도봉구,3296,649,19.69
2023,2분기,동대문구,5514,1027,18.63
2023,2분기,동작구,4513,1015,22.49
2023,2분기,마포구,10867,1747,16.08
2023,2분기,서대문구,4868,984,20.21
2023,2분기,서초구,7740,1643,21.23
2023,2분기,성동구,5228,979,18.73
2023,2분기,성북구,5245,1118,21.32
2023,2분기,송파구,9692,2217,22.87
2023,2분기,양천구,4611,1108,24.03
2023,2분기,영등포구,8371,1666,19.9
2023,2분기,용산구,5752,809,14.06
2023,2분기,은평구,5387,1120,20.79
2023,2분기,종로구,7260,1067,14.7
2023,2분기,중구,6809,1299,19.08
2023,2분기,중랑구,4880,945,19.36
2023,3분기,강남구,14325,2765,19.3
2023,3분기,강동구,5905,1300,22.02
2023,3분기,강북구,4305,790,18.35
2023,3분기,강서구,7920,1943,24.53
2023,3분기,관악구,6443,1317,20.44
2023,3분기,광진구,5897,1241,21.04
2023,3분기,구로구,5645,1356,24.02
2023,3분기,금천구,4141,1007,24.32
2023,3분기,노원구,5118,1297,25.34
2023,3분기,도봉구,3285,651,19.82
2023,3분기,동대문구,5504,1034,18.79
2023,3분기,동작구,4488,999,22.26
2023,3분기,마포구,10903,1742,15.98
2023,3분기,서대문구,4884,988,20.23
2023,3분기,서초구,7729,1651,21.36
2023,3분기,성동구,5258,971,18.47
2023,3분기,성북구,5230,1122,21.45
2023,3분기,송파구,9684,2212,22.84
2023,3분기,양천구,4596,1112,24.19
2023,3분기,영등포구,8423,1709,20.29
2023,3분기,용산구,5784,827,14.3
2023,3분기,은평구,5348,1118,20.91
2023,3분기,종로구,7241,1070,14.78
2023,3분기,중구,6839,1304,19.07
2023,3분기,중랑구,4878,943,19.33
2023,4분기,강남구,14464,2762,19.1
2023,4분기,강동구,5956,1306,21.93
2023,4분기,강북구,4302,776,18.04
2023,4분기,강서구,7980,1960,24.56
2023,4분기,관악구,6480,1308,20.19
2023,4분기,광진구,5905,1241,21.02
2023,4분기,구로구,5648,1332,23.58
2023,4분기,금천구,4147,1007,24.28
2023,4분기,노원구,5127,1302,25.39
2023,4분기,도봉구,3278,643,19.62
2023,4분기,동대문구,5562,1039,18.68
2023,4분기,동작구,4525,1010,22.32
2023,4분기,마포구,10945,1738,15.88
2023,4분기,서대문구,4894,987,20.17
2023,4분기,서초구,7791,1653,21.22
2023,4분기,성동구,5318,980,18.43
2023,4분기,성북구,5224,1115,21.34
2023,4분기,송파구,9736,2222,22.82
2023,4분기,양천구,4596,1097,23.87
2023,4분기,영등포구,8467,1715,20.26
2023,4분기,용산구,5822,829,14.24
2023,4분기,은평구,5354,1111,20.75
2023,4분기,종로구,7272,1069,14.7
2023,4분기,중구,6886,1314,19.08
2023,4분기,중랑구,4899,953,19.45
2024,1분기,강남구,14375,2735,19.03
2024,1분기,강동구,5973,1310,21.93
2024,1분기,강북구,4286,770,17.97
2024,1분기,강서구,8095,1975,24.4
2024,1분기,관악구,6585,1326,20.14
2024,1분기,광진구,5921,1211,20.45
2024,1분기,구로구,5651,1326,23.46
2024,1분기,금천구,4192,1022,24.38
2024,1분기,노원구,5169,1318,25.5
2024,1분기,도봉구,3318,669,20.16
2024,1분기,동대문구,5630,1060,18.83
2024,1분기,동작구,4579,1025,22.38
2024,1분기,마포구,11016,1755,15.93
2024,1분기,서대문구,4923,982,19.95
2024,1분기,서초구,7861,1658,21.09
2024,1분기,성동구,5370,982,18.29
2024,1분기,성북구,5286,1132,21.42
2024,1분기,송파구,9748,2230,22.88
2024,1분기,양천구,4578,1095,23.92
2024,1분기,영등포구,8513,1720,20.2
2024,1분기,용산구,5868,851,14.5
2024,1분기,은평구,5380,1109,20.61
2024,1분기,종로구,7307,1072,14.67
2024,1분기,중구,6912,1323,19.14
2024,1분기,중랑구,4960,968,19.52
2024,2분기,강남구,14418,2739,19.0
2024,2분기,강동구,5933,1296,21.84
2024,2분기,강북구,4261,768,18.02
2024,2분기,강서구,8088,1965,24.3
2024,2분기,관악구,6547,1321,20.18
2024,2분기,광진구,5914,1209,20.44
2024,2분기,구로구,5625,1314,23.36
2024,2분기,금천구,4181,1019,24.37
2024,2분기,노원구,5142,1308,25.44
2024,2분기,도봉구,3294,672,20.4
2024,2분기,동대문구,5600,1060,18.93
2024,2분기,동작구,4548,1023,22.49
2024,2분기,마포구,11014,1734,15.74
2024,2분기,서대문구,4886,972,19.89
2024,2분기,서초구,7838,1642,20.95
2024,2분기,성동구,5376,963,17.91
2024,2분기,성북구,5276,1123,21.29
2024,2분기,송파구,9707,2210,22.77
2024,2분기,양천구,4549,1084,23.83
2024,2분기,영등포구,8530,1718,20.14
2024,2분기,용산구,5870,840,14.31
2024,2분기,은평구,5367,1102,20.53
2024,2분기,종로구,7308,1071,14.66
2024,2분기,중구,7005,1311,18.72
2024,2분기,중랑구,4965,960,19.34
2024,3분기,강남구,14267,2681,18.79
2024,3분기,강동구,5883,1298,22.06
2024,3분기,강북구,4224,758,17.95
2024,3분기,강서구,8042,1923,23.91
2024,3분기,관악구,6496,1321,20.34
2024,3분기,광진구,5882,1189,20.21
2024,3분기,구로구,5594,1292,23.1
2024,3분기,금천구,4172,1007,24.14
2024,3분기,노원구,5099,1286,25.22
2024,3분기,도봉구,3242,654,20.17
2024,3분기,동대문구,5590,1049,18.77
2024,3분기,동작구,4501,1019,22.64
2024,3분기,마포구,10925,1705,15.61
2024,3분기,서대문구,4872,955,19.6
2024,3분기,서초구,7799,1640,21.03
2024,3분기,성동구,5327,938,17.61
2024,3분기,성북구,5224,1115,21.34
2024,3분기,송파구,9654,2187,22.65
2024,3분기,양천구,4485,1056,23.55
2024,3분기,영등포구,8563,1706,19.92
2024,3분기,용산구,5844,835,14.29
2024,3분기,은평구,5310,1082,20.38
2024,3분기,종로구,7309,1074,14.69
2024,3분기,중구,7023,1312,18.68
2024,3분기,중랑구,4919,951,19.33
2024,4분기,강남구,14275,2673,18.73
2024,4분기,강동구,5855,1287,21.98
2024,4분기,강북구,4193,758,18.08
2024,4분기,강서구,8009,1914,23.9
2024,4분기,관악구,6408,1282,20.01
2024,4분기,광진구,5841,1171,20.05
2024,4분기,구로구,5566,1283,23.05
2024,4분기,금천구,4161,1014,24.37
2024,4분기,노원구,5056,1278,25.28
2024,4분기,도봉구,3207,642,20.02
2024,4분기,동대문구,5537,1026,18.53
2024,4분기,동작구,4490,1022,22.76
2024,4분기,마포구,10893,1695,15.56
2024,4분기,서대문구,4868,947,19.45
2024,4분기,서초구,7797,1643,21.07
2024,4분기,성동구,5312,922,17.36
2024,4분기,성북구,5209,1100,21.12
2024,4분기,송파구,9653,2187,22.66
2024,4분기,양천구,4452,1039,23.34
2024,4분기,영등포구,8597,1686,19.61
2024,4분기,용산구,5837,827,14.17
2024,4분기,은평구,5251,1071,20.4
2024,4분기,종로구,7327,1066,14.55
2024,4분기,중구,7018,1292,18.41
2024,4분기,중랑구,4909,951,19.37
2025,1분기,강남구,14124,2642,18.71
2025,1분기,강동구,5841,1284,21.98
2025,1분기,강북구,4131,748,18.11
2025,1분기,강서구,7892,1887,23.91
2025,1분기,관악구,6310,1279,20.27
2025,1분기,광진구,5766,1154,20.01
2025,1분기,구로구,5466,1258,23.02
2025,1분기,금천구,4125,1005,24.36
2025,1분기,노원구,4996,1267,25.36
2025,1분기,도봉구,3174,638,20.1
2025,1분기,동대문구,5468,1007,18.42
2025,1분기,동작구,4434,1013,22.85
2025,1분기,마포구,10734,1674,15.6
2025,1분기,서대문구,4788,935,19.53
2025,1분기,서초구,7753,1632,21.05
2025,1분기,성동구,5279,917,17.37
2025,1분기,성북구,5176,1104,21.33
2025,1분기,송파구,9544,2162,22.65
2025,1분기,양천구,4374,1023,23.39
2025,1분기,영등포구,8552,1671,19.54
2025,1분기,용산구,5804,812,13.99
2025,1분기,은평구,5179,1060,20.47
2025,1분기,종로구,7265,1060,14.59
2025,1분기,중구,6980,1270,18.19
2025,1분기,중랑구,4846,931,19.21
2025,2분기,강남구,14061,2615,18.6
2025,2분기,강동구,5831,1302,22.33
2025,2분기,강북구,4082,742,18.18
2025,2분기,강서구,7877,1851,23.5
2025,2분기,관악구,6238,1264,20.26
2025,2분기,광진구,5741,1145,19.94
2025,2분기,구로구,5416,1245,22.99
2025,2분기,금천구,4122,1004,24.36
2025,2분기,노원구,4947,1256,25.39
2025,2분기,도봉구,3139,627,19.97
2025,2분기,동대문구,5392,979,18.16
2025,2분기,동작구,4393,997,22.7
2025,2분기,마포구,10652,1650,15.49
2025,2분기,서대문구,4771,931,19.51
2025,2분기,서초구,7760,1634,21.06
2025,2분기,성동구,5223,904,17.31
2025,2분기,성북구,5136,1099,21.4
2025,2분기,송파구,9501,2149,22.62
2025,2분기,양천구,4343,1001,23.05
2025,2분기,영등포구,8485,1649,19.43
2025,2분기,용산구,5774,809,14.01
2025,2분기,은평구,5106,1031,20.19
2025,2분기,종로구,7294,1065,14.6
2025,2분기,중구,7023,1276,18.17
2025,2분기,중랑구,4801,932,19.41
2025,3분기,강남구,13913,2590,18.62
2025,3분기,강동구,5810,1296,22.31
2025,3분기,강북구,4043,723,17.88
2025,3분기,강서구,7813,1831,23.44
2025,3분기,관악구,6160,1246,20.23
2025,3분기,광진구,5738,1132,19.73
2025,3분기,구로구,5373,1222,22.74
2025,3분기,금천구,4073,988,24.26
2025,3분기,노원구,4933,1261,25.56
2025,3분기,도봉구,3131,628,20.06
2025,3분기,동대문구,5365,973,18.14
2025,3분기,동작구,4384,988,22.54
2025,3분기,마포구,10609,1637,15.43
2025,3분기,서대문구,4749,921,19.39
2025,3분기,서초구,7716,1614,20.92
2025,3분기,성동구,5214,891,17.09
2025,3분기,성북구,5115,1095,21.41
2025,3분기,송파구,9408,2094,22.26
2025,3분기,양천구,4312,989,22.94
2025,3분기,영등포구,8461,1628,19.24
2025,3분기,용산구,5781,800,13.84
2025,3분기,은평구,5021,1008,20.08
2025,3분기,종로구,7272,1055,14.51
2025,3분기,중구,6991,1273,18.21
2025,3분기,중랑구,4738,911,19.23
2025,4분기,강남구,13915,2549,18.32
2025,4분기,강동구,5773,1272,22.03
2025,4분기,강북구,3998,715,17.88
2025,4분기,강서구,7752,1793,23.13
2025,4분기,관악구,6128,1212,19.78
2025,4분기,광진구,5688,1100,19.34
2025,4분기,구로구,5332,1199,22.49
2025,4분기,금천구,4056,965,23.79
2025,4분기,노원구,4900,1229,25.08
2025,4분기,도봉구,3105,611,19.68
2025,4분기,동대문구,5340,948,17.75
2025,4분기,동작구,4345,971,22.35
2025,4분기,마포구,10504,1584,15.08
2025,4분기,서대문구,4688,891,19.01
2025,4분기,서초구,7708,1578,20.47
2025,4분기,성동구,5182,875,16.89
2025,4분기,성북구,5081,1070,21.06
2025,4분기,송파구,9276,2028,21.86
2025,4분기,양천구,4270,965,22.6
2025,4분기,영등포구,8421,1584,18.81
2025,4분기,용산구,5781,786,13.6
2025,4분기,은평구,4962,981,19.77
2025,4분기,종로구,7265,1020,14.04
2025,4분기,중구,6962,1240,17.81
2025,4분기,중랑구,4718,900,19.08
